#Conjunto de datos Exportar - TEMPERATURA.TAMN2_MEDIA_D@26055120;
Sello de tiempo (UTC-05:00);Valor (Â°C)
2006-12-09 00:00:00;20,71035889070339
2006-12-10 00:00:00;21,36547743966662
2006-12-10 00:00:01;NaN
2006-12-11 23:59:59;NaN
2006-12-12 00:00:00;21,441362126246986
2006-12-12 00:00:01;NaN
2006-12-18 23:59:59;NaN
2006-12-19 00:00:00;22,250642927795013
2006-12-20 00:00:00;20,776097178685177
2006-12-21 00:00:00;21,39617486339131
2006-12-21 00:00:01;NaN
2007-01-19 23:59:59;NaN
2007-01-20 00:00:00;21,664376840039836
2007-01-20 00:00:01;NaN
2007-01-24 23:59:59;NaN
2007-01-25 00:00:00;21,77088353413916
2007-01-26 00:00:00;21,519833178869817
2007-01-26 00:00:01;NaN
2007-02-13 23:59:59;NaN
2007-02-14 00:00:00;22,487461459407825
2007-02-14 00:00:01;NaN
2007-02-15 23:59:59;NaN
2007-02-16 00:00:00;21,71909328683887
2007-02-16 00:00:01;NaN
2007-02-19 23:59:59;NaN
2007-02-20 00:00:00;20,11632653061531
2007-02-20 00:00:01;NaN
2007-03-03 23:59:59;NaN
2007-03-04 00:00:00;23,062692702983327
2007-03-04 00:00:01;NaN
2007-03-15 23:59:59;NaN
2007-03-16 00:00:00;21,20031479538494
2007-03-16 00:00:01;NaN
2007-03-20 23:59:59;NaN
2007-03-21 00:00:00;22,174739039667145
2007-03-21 00:00:01;NaN
2007-03-24 23:59:59;NaN
2007-03-25 00:00:00;21,162630085149715
2007-03-25 00:00:01;NaN
2007-03-26 23:59:59;NaN
2007-03-27 00:00:00;21,765100087034057
2007-03-28 00:00:00;21,768549087751637
2007-03-28 00:00:01;NaN
2007-03-29 23:59:59;NaN
2007-03-30 00:00:00;21,90663316583351
2007-03-30 00:00:01;NaN
2007-04-03 23:59:59;NaN
2007-04-04 00:00:00;22,03737280296042
2007-04-05 00:00:00;21,720787545787573
2007-04-05 00:00:01;NaN
2007-04-06 23:59:59;NaN
2007-04-07 00:00:00;21,621052631582245
2007-04-08 00:00:00;21,73369036027742
2007-04-08 00:00:01;NaN
2007-04-15 23:59:59;NaN
2007-04-16 00:00:00;22,234691943130713
2007-04-16 00:00:01;NaN
2007-04-23 23:59:59;NaN
2007-04-24 00:00:00;21,615772870665467
2007-04-25 00:00:00;21,34809228039211
2007-04-26 00:00:00;21,15872210953762
2007-04-26 00:00:01;NaN
2007-05-17 23:59:59;NaN
2007-05-18 00:00:00;21,656869275604834
2007-05-18 00:00:01;NaN
2007-05-20 23:59:59;NaN
2007-05-21 00:00:00;21,075229357801163
2007-05-22 00:00:00;20,65869776482384
2007-05-22 00:00:01;NaN
2007-05-24 23:59:59;NaN
2007-05-25 00:00:00;20,608973080758574
2007-05-25 00:00:01;NaN
2007-05-27 23:59:59;NaN
2007-05-28 00:00:00;21,82404933196301
2007-05-28 00:00:01;NaN
2007-06-01 23:59:59;NaN
2007-06-02 00:00:00;21,40833333333478
2007-06-02 00:00:01;NaN
2007-06-05 23:59:59;NaN
2007-06-06 00:00:00;21,75782383419977
2007-06-06 00:00:01;NaN
2007-06-13 23:59:59;NaN
2007-06-14 00:00:00;22,003866248696454
2007-06-14 00:00:01;NaN
2007-06-22 23:59:59;NaN
2007-06-23 00:00:00;22,08352490421629
2007-06-23 00:00:01;NaN
2007-07-19 23:59:59;NaN
2007-07-20 00:00:00;21,63713713713821
2007-07-21 00:00:00;20,64876543210056
2007-07-22 00:00:00;20,98055813953829
2007-07-23 00:00:00;20,92599814299166
2007-07-23 00:00:01;NaN
2007-07-29 23:59:59;NaN
2007-07-30 00:00:00;21,783806519454572
2007-07-30 00:00:01;NaN
2007-07-31 23:59:59;NaN
2007-08-01 00:00:00;21,951133004926533
2007-08-01 00:00:01;NaN
2007-08-14 23:59:59;NaN
2007-08-15 00:00:00;20,679147358668786
2007-08-15 00:00:01;NaN
2007-08-16 23:59:59;NaN
2007-08-17 00:00:00;22,067757936511384
2007-08-17 00:00:01;NaN
2007-08-24 23:59:59;NaN
2007-08-25 00:00:00;20,70289855072889
2007-08-26 00:00:00;21,036788445200443
2007-08-26 00:00:01;NaN
2007-08-29 23:59:59;NaN
2007-08-30 00:00:00;21,120993914808025
2007-08-30 00:00:01;NaN
2007-09-14 23:59:59;NaN
2007-09-15 00:00:00;21,401719197710918
2007-09-15 00:00:01;NaN
2007-09-30 23:59:59;NaN
2007-10-01 00:00:00;21,208385093172353
2007-10-01 00:00:01;NaN
2007-10-04 23:59:59;NaN
2007-10-05 00:00:00;21,143056943057502
2007-10-05 00:00:01;NaN
2007-10-06 23:59:59;NaN
2007-10-07 00:00:00;21,162512664644282
2007-10-07 00:00:01;NaN
2007-10-08 23:59:59;NaN
2007-10-09 00:00:00;19,77514843087613
2007-10-09 00:00:01;NaN
2007-10-10 23:59:59;NaN
2007-10-11 00:00:00;21,208826291083597
2007-10-12 00:00:00;20,78876611418383
2007-10-13 00:00:00;21,694179389316446
2007-10-14 00:00:00;21,17884796978575
2007-10-14 00:00:01;NaN
2007-10-17 23:59:59;NaN
2007-10-18 00:00:00;20,28591184097104
2007-10-19 00:00:00;21,157317073173544
2007-10-19 00:00:01;NaN
2007-10-21 23:59:59;NaN
2007-10-22 00:00:00;20,976398104269776
2007-10-22 00:00:01;NaN
2007-10-23 23:59:59;NaN
2007-10-24 00:00:00;20,53817153629052
2007-10-24 00:00:01;NaN
2007-10-26 23:59:59;NaN
2007-10-27 00:00:00;21,78413173652973
2007-10-28 00:00:00;20,932340425534107
2007-10-28 00:00:01;NaN
2007-10-31 23:59:59;NaN
2007-11-01 00:00:00;20,57534921939356
2007-11-02 00:00:00;20,736023622049288
2007-11-03 00:00:00;21,0214159292064
2007-11-03 00:00:01;NaN
2007-11-04 23:59:59;NaN
2007-11-05 00:00:00;21,841496598643573
2007-11-05 00:00:01;NaN
2007-11-08 23:59:59;NaN
2007-11-09 00:00:00;19,99404973357224
2007-11-10 00:00:00;21,38257575757791
2007-11-10 00:00:01;NaN
2007-11-11 23:59:59;NaN
2007-11-12 00:00:00;21,24864321608368
2007-11-13 00:00:00;21,9404424778769
2007-11-14 00:00:00;21,846506777895797
2007-11-14 00:00:01;NaN
2007-11-16 23:59:59;NaN
2007-11-17 00:00:00;22,625000000001364
2007-11-17 00:00:01;NaN
2007-11-22 23:59:59;NaN
2007-11-23 00:00:00;21,65745257452778
2007-11-23 00:00:01;NaN
2007-12-06 23:59:59;NaN
2007-12-07 00:00:00;21,344923371649315
2007-12-08 00:00:00;21,32609147609395
2007-12-08 00:00:01;NaN
2007-12-10 23:59:59;NaN
2007-12-11 00:00:00;21,63455684870371
2007-12-11 00:00:01;NaN
2007-12-13 23:59:59;NaN
2007-12-14 00:00:00;20,51827956989581
2007-12-15 00:00:00;20,705103969757715
2007-12-16 00:00:00;20,93748967795341
2007-12-17 00:00:00;21,20444444444678
2007-12-18 00:00:00;20,787252368649717
2007-12-19 00:00:00;21,10970711297307
2007-12-20 00:00:00;20,615040650408673
2007-12-20 00:00:01;NaN
2007-12-22 23:59:59;NaN
2007-12-23 00:00:00;21,590101010103183
2007-12-23 00:00:01;NaN
2007-12-25 23:59:59;NaN
2007-12-26 00:00:00;20,73397129186816
2007-12-27 00:00:00;21,980503144655415
2007-12-28 00:00:00;22,146585117230984
2007-12-28 00:00:01;NaN
2008-01-02 23:59:59;NaN
2008-01-03 00:00:00;22,029166666669482
2008-01-03 00:00:01;NaN
2008-01-08 23:59:59;NaN
2008-01-09 00:00:00;19,324013434094468
2008-01-10 00:00:00;19,840141557128334
2008-01-10 00:00:01;NaN
2008-01-15 23:59:59;NaN
2008-01-16 00:00:00;21,733806566107432
2008-01-17 00:00:00;21,89727891156673
2008-01-17 00:00:01;NaN
2008-01-25 23:59:59;NaN
2008-01-26 00:00:00;20,986852207296067
2008-01-26 00:00:01;NaN
2008-01-29 23:59:59;NaN
2008-01-30 00:00:00;21,401830443161998
2008-01-30 00:00:01;NaN
2008-02-02 23:59:59;NaN
2008-02-03 00:00:00;21,00067049808831
2008-02-03 00:00:01;NaN
2008-02-09 23:59:59;NaN
2008-02-10 00:00:00;21,51700819672493
2008-02-11 00:00:00;21,74787564766865
2008-02-11 00:00:01;NaN
2008-02-15 23:59:59;NaN
2008-02-16 00:00:00;21,171604938274356
2008-02-17 00:00:00;20,335067637878467
2008-02-18 00:00:00;20,37890547263879
2008-02-19 00:00:00;20,386124794746138
2008-02-20 00:00:00;20,56952789699767
2008-02-21 00:00:00;20,67125328659273
2008-02-22 00:00:00;21,342693409744584
2008-02-22 00:00:01;NaN
2008-02-24 23:59:59;NaN
2008-02-25 00:00:00;21,89004444444754
2008-02-25 00:00:01;NaN
2008-02-27 23:59:59;NaN
2008-02-28 00:00:00;22,21187399031021
2008-02-28 00:00:01;NaN
2008-03-05 23:59:59;NaN
2008-03-06 00:00:00;20,373184818484162
2008-03-06 00:00:01;NaN
2008-03-07 23:59:59;NaN
2008-03-08 00:00:00;20,940621963073283
2008-03-09 00:00:00;21,01595411887473
2008-03-10 00:00:00;20,658195211788893
2008-03-10 00:00:01;NaN
2008-03-12 23:59:59;NaN
2008-03-13 00:00:00;20,63837667454891
2008-03-14 00:00:00;20,196497695855896
2008-03-15 00:00:00;20,421073961501918
2008-03-15 00:00:01;NaN
2008-03-28 23:59:59;NaN
2008-03-29 00:00:00;21,808794197644943
2008-03-30 00:00:00;21,618282828286056
2008-03-31 00:00:00;20,402402651202692
2008-04-01 00:00:00;21,010396825399766
2008-04-01 00:00:01;NaN
2008-04-06 23:59:59;NaN
2008-04-07 00:00:00;21,70444638186791
2008-04-07 00:00:01;NaN
2008-04-08 23:59:59;NaN
2008-04-09 00:00:00;20,745722171116142
2008-04-10 00:00:00;20,599900695135887
2008-04-11 00:00:00;20,80755980861403
2008-04-11 00:00:01;NaN
2008-04-12 23:59:59;NaN
2008-04-13 00:00:00;20,670563847430742
2008-04-14 00:00:00;20,976326129668564
2008-04-15 00:00:00;21,250286259543998
2008-04-15 00:00:01;NaN
2008-04-20 23:59:59;NaN
2008-04-21 00:00:00;21,437180700096746
2008-04-21 00:00:01;NaN
2008-04-22 23:59:59;NaN
2008-04-23 00:00:00;21,82067703568532
2008-04-24 00:00:00;21,524821246168415
2008-04-24 00:00:01;NaN
2008-04-25 23:59:59;NaN
2008-04-26 00:00:00;21,945731108931398
2008-04-27 00:00:00;21,63043922370042
2008-04-27 00:00:01;NaN
2008-04-30 23:59:59;NaN
2008-05-01 00:00:00;21,028557874765056
2008-05-02 00:00:00;21,668520461702087
2008-05-02 00:00:01;NaN
2008-05-16 23:59:59;NaN
2008-05-17 00:00:00;21,347305936074633
2008-05-17 00:00:01;NaN
2008-05-18 23:59:59;NaN
2008-05-19 00:00:00;21,361904761905976
2008-05-20 00:00:00;21,875411184213647
2008-05-21 00:00:00;20,242885375494154
2008-05-22 00:00:00;20,517251461990952
2008-05-23 00:00:00;20,619609665428754
2008-05-24 00:00:00;20,621335992026104
2008-05-25 00:00:00;20,816459074735803
2008-05-25 00:00:01;NaN
2008-05-26 23:59:59;NaN
2008-05-27 00:00:00;20,834622302160597
2008-05-28 00:00:00;21,335884773664134
2008-05-29 00:00:00;20,849129989768414
2008-05-29 00:00:01;NaN
2008-06-02 23:59:59;NaN
2008-06-03 00:00:00;21,64501323919086
2008-06-03 00:00:01;NaN
2008-06-13 23:59:59;NaN
2008-06-14 00:00:00;21,388062827229646
2008-06-14 00:00:01;NaN
2008-06-17 23:59:59;NaN
2008-06-18 00:00:00;21,75914512922742
2008-06-18 00:00:01;NaN
2008-06-21 23:59:59;NaN
2008-06-22 00:00:00;21,46336924584142
2008-06-23 00:00:00;20,91904266389406
2008-06-24 00:00:00;20,138214643935896
2008-06-25 00:00:00;20,105419222905084
2008-06-26 00:00:00;21,999306930694047
2008-06-27 00:00:00;21,55530612244837
2008-06-28 00:00:00;22,51610000000386
2008-06-28 00:00:01;NaN
2008-06-30 23:59:59;NaN
2008-07-01 00:00:00;21,837388724037964
2008-07-01 00:00:01;NaN
2008-07-02 23:59:59;NaN
2008-07-03 00:00:00;20,911848825336392
2008-07-04 00:00:00;21,005069124426882
2008-07-05 00:00:00;21,668537074153107
2008-07-05 00:00:01;NaN
2008-07-07 23:59:59;NaN
2008-07-08 00:00:00;20,77286742035335
2008-07-08 00:00:01;NaN
2008-07-13 23:59:59;NaN
2008-07-14 00:00:00;20,75419047619198
2008-07-15 00:00:00;22,01589147287291
2008-07-16 00:00:00;21,296446700511012
2008-07-16 00:00:01;NaN
2008-07-29 23:59:59;NaN
2008-07-30 00:00:00;20,60639593909275
2008-07-30 00:00:01;NaN
2008-08-10 23:59:59;NaN
2008-08-11 00:00:00;21,617887725977994
2008-08-11 00:00:01;NaN
2008-08-15 23:59:59;NaN
2008-08-16 00:00:00;21,82697807435784
2008-08-17 00:00:00;21,89152823920432
2008-08-17 00:00:01;NaN
2008-08-20 23:59:59;NaN
2008-08-21 00:00:00;22,088207547170725
2008-08-22 00:00:00;20,670958083835785
2008-08-23 00:00:00;21,02405189620748
2008-08-23 00:00:01;NaN
2008-08-28 23:59:59;NaN
2008-08-29 00:00:00;20,65382231405158
2008-08-30 00:00:00;21,157711950968974
2008-08-30 00:00:01;NaN
2008-09-02 23:59:59;NaN
2008-09-03 00:00:00;20,74360902255728
2008-09-04 00:00:00;21,73369663942026
2008-09-04 00:00:01;NaN
2008-09-21 23:59:59;NaN
2008-09-22 00:00:00;21,50840258541473
2008-09-22 00:00:01;NaN
2008-09-26 23:59:59;NaN
2008-09-27 00:00:00;21,63593750000109
2008-09-27 00:00:01;NaN
2008-10-03 23:59:59;NaN
2008-10-04 00:00:00;19,725834970534606
2008-10-05 00:00:00;20,018018018018893
2008-10-06 00:00:00;20,987111517370465
2008-10-07 00:00:00;21,205162523904107
2008-10-07 00:00:01;NaN
2008-10-08 23:59:59;NaN
2008-10-09 00:00:00;21,850417536537122
2008-10-10 00:00:00;21,044783464571594
2008-10-10 00:00:01;NaN
2008-10-11 23:59:59;NaN
2008-10-12 00:00:00;20,827760891591424
2008-10-13 00:00:00;21,429505135390514
2008-10-14 00:00:00;21,12926337033656
2008-10-14 00:00:01;NaN
2008-10-15 23:59:59;NaN
2008-10-16 00:00:00;21,391741293531652
2008-10-17 00:00:00;22,351094890511547
2008-10-18 00:00:00;20,83375486381732
2008-10-18 00:00:01;NaN
2008-10-27 23:59:59;NaN
2008-10-28 00:00:00;21,181571290010936
2008-10-28 00:00:01;NaN
2008-10-30 23:59:59;NaN
2008-10-31 00:00:00;21,62686414709009
2008-11-01 00:00:00;20,001785714286143
2008-11-01 00:00:01;NaN
2008-11-02 23:59:59;NaN
2008-11-03 00:00:00;21,436742800398747
2008-11-04 00:00:00;21,502448579824033
2008-11-05 00:00:00;22,057643622202306
2008-11-05 00:00:01;NaN
2008-11-07 23:59:59;NaN
2008-11-08 00:00:00;20,932263513516943
2008-11-08 00:00:01;NaN
2008-11-12 23:59:59;NaN
2008-11-13 00:00:00;21,317232808619167
2008-11-14 00:00:00;21,207253384915873
2008-11-15 00:00:00;20,81024955436976
2008-11-16 00:00:00;21,75508021390516
2008-11-17 00:00:00;22,154044117649732
2008-11-18 00:00:00;21,315625000003593
2008-11-19 00:00:00;21,335132482825884
2008-11-20 00:00:00;21,884010840111557
2008-11-21 00:00:00;21,881005025125603
2008-11-21 00:00:01;NaN
2008-11-24 23:59:59;NaN
2008-11-25 00:00:00;22,373498570068136
2008-11-26 00:00:00;20,362489343565016
2008-11-27 00:00:00;21,69954751131479
2008-11-28 00:00:00;22,18381782946119
2008-11-29 00:00:00;21,840469483570473
2008-11-29 00:00:01;NaN
2008-11-30 23:59:59;NaN
2008-12-01 00:00:00;21,46705150977067
2008-12-02 00:00:00;21,67331256490337
2008-12-03 00:00:00;21,172862823063895
2008-12-04 00:00:00;20,59252243270322
2008-12-04 00:00:01;NaN
2008-12-18 23:59:59;NaN
2008-12-19 00:00:00;21,803155818542734
2008-12-20 00:00:00;21,74685908319276
2008-12-21 00:00:00;21,302423112768736
2008-12-22 00:00:00;21,452237354088425
2008-12-22 00:00:01;NaN
2008-12-29 23:59:59;NaN
2008-12-30 00:00:00;22,489120151373356
2008-12-30 00:00:01;NaN
2009-01-07 23:59:59;NaN
2009-01-08 00:00:00;21,623201621074486
2009-01-08 00:00:01;NaN
2009-01-12 23:59:59;NaN
2009-01-13 00:00:00;21,95442435775618
2009-01-13 00:00:01;NaN
2009-01-15 23:59:59;NaN
2009-01-16 00:00:00;21,49546313799891
2009-01-17 00:00:00;21,630377358492638
2009-01-18 00:00:00;20,85636007828026
2009-01-18 00:00:01;NaN
2009-01-23 23:59:59;NaN
2009-01-24 00:00:00;21,45515151515326
2009-01-25 00:00:00;21,97587844254616
2009-01-25 00:00:01;NaN
2009-01-28 23:59:59;NaN
2009-01-29 00:00:00;20,633849329208033
2009-01-29 00:00:01;NaN
2009-01-30 23:59:59;NaN
2009-01-31 00:00:00;21,195738354807247
2009-01-31 00:00:01;NaN
2009-02-11 23:59:59;NaN
2009-02-12 00:00:00;22,323199251639096
2009-02-12 00:00:01;NaN
2009-02-13 23:59:59;NaN
2009-02-14 00:00:00;20,275793291026844
2009-02-14 00:00:01;NaN
2009-02-16 23:59:59;NaN
2009-02-17 00:00:00;21,784067085953893
2009-02-17 00:00:01;NaN
2009-02-19 23:59:59;NaN
2009-02-20 00:00:00;21,99267285861731
2009-02-20 00:00:01;NaN
2009-03-02 23:59:59;NaN
2009-03-03 00:00:00;22,17751196172469
2009-03-03 00:00:01;NaN
2009-03-08 23:59:59;NaN
2009-03-09 00:00:00;21,755165289256183
2009-03-09 00:00:01;NaN
2009-03-16 23:59:59;NaN
2009-03-17 00:00:00;21,738461538463355
2009-03-17 00:00:01;NaN
2009-03-18 23:59:59;NaN
2009-03-19 00:00:00;21,69512605042229
2009-03-19 00:00:01;NaN
2009-03-20 23:59:59;NaN
2009-03-21 00:00:00;21,880368098161853
2009-03-21 00:00:01;NaN
2009-03-24 23:59:59;NaN
2009-03-25 00:00:00;20,717617107944193
2009-03-25 00:00:01;NaN
2009-03-30 23:59:59;NaN
2009-03-31 00:00:00;21,1786792452844
2009-04-01 00:00:00;21,554733994592937
2009-04-01 00:00:01;NaN
2009-04-06 23:59:59;NaN
2009-04-07 00:00:00;22,176258992809323
2009-04-08 00:00:00;20,77837613918956
2009-04-09 00:00:00;20,808988764045807
2009-04-09 00:00:01;NaN
2009-04-11 23:59:59;NaN
2009-04-12 00:00:00;21,91047430830156
2009-04-12 00:00:01;NaN
2009-04-25 23:59:59;NaN
2009-04-26 00:00:00;22,570890052358777
2009-04-26 00:00:01;NaN
2009-04-29 23:59:59;NaN
2009-04-30 00:00:00;22,0453180212034
2009-04-30 00:00:01;NaN
2009-05-01 23:59:59;NaN
2009-05-02 00:00:00;20,535200000003044
2009-05-03 00:00:00;21,319615773510805
2009-05-04 00:00:00;20,83555370524857
2009-05-04 00:00:01;NaN
2009-05-12 23:59:59;NaN
2009-05-13 00:00:00;21,881078904995263
2009-05-13 00:00:01;NaN
2009-05-28 23:59:59;NaN
2009-05-29 00:00:00;21,826859504133665
2009-05-29 00:00:01;NaN
2009-06-03 23:59:59;NaN
2009-06-04 00:00:00;23,33312564901388
2009-06-05 00:00:00;21,54272030651572
2009-06-06 00:00:00;21,793028095734485
2009-06-06 00:00:01;NaN
2009-06-09 23:59:59;NaN
2009-06-10 00:00:00;21,582871536525317
2009-06-10 00:00:01;NaN
2009-06-12 23:59:59;NaN
2009-06-13 00:00:00;21,748487804880426
2009-06-13 00:00:01;NaN
2009-06-19 23:59:59;NaN
2009-06-20 00:00:00;22,63595854922545
2009-06-20 00:00:01;NaN
2009-06-21 23:59:59;NaN
2009-06-22 00:00:00;20,620536540242256
2009-06-23 00:00:00;21,471311475409436
2009-06-23 00:00:01;NaN
2009-06-24 23:59:59;NaN
2009-06-25 00:00:00;20,96263048016749
2009-06-25 00:00:01;NaN
2009-06-29 23:59:59;NaN
2009-06-30 00:00:00;22,199278350517716
2009-06-30 00:00:01;NaN
2009-07-02 23:59:59;NaN
2009-07-03 00:00:00;21,491073219662496
2009-07-03 00:00:01;NaN
2009-07-19 23:59:59;NaN
2009-07-20 00:00:00;22,15075528701084
2009-07-20 00:00:01;NaN
2009-08-05 23:59:59;NaN
2009-08-06 00:00:00;22,16550308008567
2009-08-06 00:00:01;NaN
2009-08-15 23:59:59;NaN
2009-08-16 00:00:00;22,2674711437607
2009-08-16 00:00:01;NaN
2009-08-20 23:59:59;NaN
2009-08-21 00:00:00;22,060860440715032
2009-08-21 00:00:01;NaN
2009-10-10 23:59:59;NaN
2009-10-11 00:00:00;22,21443695861808
2009-10-12 00:00:00;22,256249999999397
2009-10-13 00:00:00;21,5446769790733
2009-10-14 00:00:00;20,356582633054245
2009-10-14 00:00:01;NaN
2009-10-19 23:59:59;NaN
2009-10-20 00:00:00;22,211495422179212
2009-10-20 00:00:01;NaN
2009-10-23 23:59:59;NaN
2009-10-24 00:00:00;22,815376676989388
2009-10-24 00:00:01;NaN
2010-01-27 23:59:59;NaN
2010-01-28 00:00:00;22,799214145385747
2010-01-28 00:00:01;NaN
2010-02-05 23:59:59;NaN
2010-02-06 00:00:00;21,46778761062268
2010-02-06 00:00:01;NaN
2010-02-08 23:59:59;NaN
2010-02-09 00:00:00;21,886029411766344
2010-02-09 00:00:01;NaN
2010-02-22 23:59:59;NaN
2010-02-23 00:00:00;22,091176470590824
2010-02-23 00:00:01;NaN
2010-02-25 23:59:59;NaN
2010-02-26 00:00:00;22,781888997082092
2010-02-26 00:00:01;NaN
2010-03-16 23:59:59;NaN
2010-03-17 00:00:00;22,685372848950124
2010-03-17 00:00:01;NaN
2010-04-03 23:59:59;NaN
2010-04-04 00:00:00;21,837172774870908
2010-04-04 00:00:01;NaN
2010-04-08 23:59:59;NaN
2010-04-09 00:00:00;21,131912681914287
2010-04-10 00:00:00;21,186171310629845
2010-04-11 00:00:00;21,126998223802445
2010-04-11 00:00:01;NaN
2010-04-12 23:59:59;NaN
2010-04-13 00:00:00;21,570766319774634
2010-04-13 00:00:01;NaN
2010-04-16 23:59:59;NaN
2010-04-17 00:00:00;21,714314928429644
2010-04-17 00:00:01;NaN
2010-04-18 23:59:59;NaN
2010-04-19 00:00:00;21,872043918918905
2010-04-19 00:00:01;NaN
2010-04-25 23:59:59;NaN
2010-04-26 00:00:00;22,120208152647308
2010-04-26 00:00:01;NaN
2010-04-27 23:59:59;NaN
2010-04-28 00:00:00;22,549636363639138
2010-04-29 00:00:00;21,465384615387507
2010-04-29 00:00:01;NaN
2010-05-02 23:59:59;NaN
2010-05-03 00:00:00;20,70915564598306
2010-05-04 00:00:00;21,85897644191806
2010-05-04 00:00:01;NaN
2010-05-20 23:59:59;NaN
2010-05-21 00:00:00;21,520241171405132
2010-05-21 00:00:01;NaN
2010-05-22 23:59:59;NaN
2010-05-23 00:00:00;22,591701244817216
2010-05-23 00:00:01;NaN
2010-05-25 23:59:59;NaN
2010-05-26 00:00:00;21,93210180624169
2010-05-27 00:00:00;22,11440972222499
2010-05-27 00:00:01;NaN
2010-05-29 23:59:59;NaN
2010-05-30 00:00:00;22,35183349851593
2010-05-31 00:00:00;21,86901811249072
2010-06-01 00:00:00;22,206367432151353
2010-06-02 00:00:00;21,806193895871957
2010-06-03 00:00:00;21,950916666670878
2010-06-03 00:00:01;NaN
2010-06-07 23:59:59;NaN
2010-06-08 00:00:00;22,708198380567296
2010-06-08 00:00:01;NaN
2010-06-09 23:59:59;NaN
2010-06-10 00:00:00;22,604981203011448
2010-06-10 00:00:01;NaN
2010-06-15 23:59:59;NaN
2010-06-16 00:00:00;22,756991321120324
2010-06-16 00:00:01;NaN
2010-06-18 23:59:59;NaN
2010-06-19 00:00:00;20,991846298034375
2010-06-20 00:00:00;20,33328050713385
2010-06-20 00:00:01;NaN
2010-06-26 23:59:59;NaN
2010-06-27 00:00:00;22,238945233267657
2010-06-27 00:00:01;NaN
2010-07-01 23:59:59;NaN
2010-07-02 00:00:00;21,307897435897814
2010-07-02 00:00:01;NaN
2010-07-03 23:59:59;NaN
2010-07-04 00:00:00;21,47856510186398
2010-07-05 00:00:00;20,584471468663537
2010-07-06 00:00:00;20,983951855568534
2010-07-07 00:00:00;20,98027139875029
2010-07-07 00:00:01;NaN
2010-07-10 23:59:59;NaN
2010-07-11 00:00:00;21,410594795541385
2010-07-12 00:00:00;21,065312499999436
2010-07-13 00:00:00;21,125048169558966
2010-07-13 00:00:01;NaN
2010-07-14 23:59:59;NaN
2010-07-15 00:00:00;20,36989674344767
2010-07-16 00:00:00;20,822527944971682
2010-07-17 00:00:00;21,539589442815327
2010-07-18 00:00:00;21,423722275796536
2010-07-18 00:00:01;NaN
2010-07-27 23:59:59;NaN
2010-07-28 00:00:00;22,194438927510248
2010-07-29 00:00:00;21,60287769784412
2010-07-30 00:00:00;21,935082604472655
2010-07-31 00:00:00;20,86036866359626
2010-08-01 00:00:00;21,894784353060174
2010-08-01 00:00:01;NaN
2010-08-02 23:59:59;NaN
2010-08-03 00:00:00;21,65093984962772
2010-08-03 00:00:01;NaN
2010-08-06 23:59:59;NaN
2010-08-07 00:00:00;21,98741396263614
2010-08-08 00:00:00;21,992444910809695
2010-08-08 00:00:01;NaN
2010-08-13 23:59:59;NaN
2010-08-14 00:00:00;21,838468634690116
2010-08-14 00:00:01;NaN
2010-08-30 23:59:59;NaN
2010-08-31 00:00:00;21,817531305907153
2010-09-01 00:00:00;21,008799266729454
2010-09-02 00:00:00;20,961153119097162
2010-09-02 00:00:01;NaN
2010-09-03 23:59:59;NaN
2010-09-04 00:00:00;21,130164888461593
2010-09-04 00:00:01;NaN
2010-09-05 23:59:59;NaN
2010-09-06 00:00:00;21,161140350880373
2010-09-07 00:00:00;21,46666666666897
2010-09-07 00:00:01;NaN
2010-09-19 23:59:59;NaN
2010-09-20 00:00:00;20,69132040628284
2010-09-21 00:00:00;21,22818096135819
2010-09-22 00:00:00;21,23054145516278
2010-09-23 00:00:00;19,987405303033142
2010-09-23 00:00:01;NaN
2010-09-26 23:59:59;NaN
2010-09-27 00:00:00;21,63982035928416
2010-09-27 00:00:01;NaN
2010-10-05 23:59:59;NaN
2010-10-06 00:00:00;21,59707419017974
2010-10-06 00:00:01;NaN
2010-10-17 23:59:59;NaN
2010-10-18 00:00:00;20,862424242423685
2010-10-18 00:00:01;NaN
2010-10-19 23:59:59;NaN
2010-10-20 00:00:00;21,189086069214
2010-10-20 00:00:01;NaN
2010-10-21 23:59:59;NaN
2010-10-22 00:00:00;21,095652173916676
2010-10-22 00:00:01;NaN
2010-10-23 23:59:59;NaN
2010-10-24 00:00:00;21,7833005893944
2010-10-24 00:00:01;NaN
2010-10-26 23:59:59;NaN
2010-10-27 00:00:00;21,227672413795005
2010-10-28 00:00:00;20,498674821613974
2010-10-28 00:00:01;NaN
2010-10-29 23:59:59;NaN
2010-10-30 00:00:00;21,15363288719243
2010-10-30 00:00:01;NaN
2010-10-31 23:59:59;NaN
2010-11-01 00:00:00;21,55612959720179
2010-11-02 00:00:00;21,87807933194307
2010-11-03 00:00:00;20,579474940335274
2010-11-04 00:00:00;21,239211822663606
2010-11-04 00:00:01;NaN
2010-11-05 23:59:59;NaN
2010-11-06 00:00:00;22,25781094527656
2010-11-07 00:00:00;21,33003472222441
2010-11-08 00:00:00;20,894117647062558
2010-11-08 00:00:01;NaN
2010-11-10 23:59:59;NaN
2010-11-11 00:00:00;21,018117229131917
2010-11-11 00:00:01;NaN
2010-11-12 23:59:59;NaN
2010-11-13 00:00:00;20,722558593752012
2010-11-14 00:00:00;20,68876221498425
2010-11-15 00:00:00;20,434192439864148
2010-11-15 00:00:01;NaN
2010-11-16 23:59:59;NaN
2010-11-17 00:00:00;21,092404006679715
2010-11-18 00:00:00;20,910176531675006
2010-11-19 00:00:00;20,54506480558649
2010-11-20 00:00:00;21,0424369747912
2010-11-21 00:00:00;21,000093109873035
2010-11-21 00:00:01;NaN
2010-11-23 23:59:59;NaN
2010-11-24 00:00:00;20,442180094787773
2010-11-24 00:00:01;NaN
2010-11-27 23:59:59;NaN
2010-11-28 00:00:00;20,31793587174417
2010-11-28 00:00:01;NaN
2010-12-01 23:59:59;NaN
2010-12-02 00:00:00;20,926878868259223
2010-12-03 00:00:00;20,931970564188646
2010-12-04 00:00:00;20,92988705473664
2010-12-05 00:00:00;21,37636738906275
2010-12-05 00:00:01;NaN
2010-12-07 23:59:59;NaN
2010-12-08 00:00:00;21,42601214575086
2010-12-09 00:00:00;20,52893660531805
2010-12-10 00:00:00;20,811169102298038
2010-12-10 00:00:01;NaN
2010-12-11 23:59:59;NaN
2010-12-12 00:00:00;21,769353327086492
2010-12-13 00:00:00;21,487366548046396
2010-12-14 00:00:00;21,507442348012262
2010-12-15 00:00:00;20,631943212069245
2010-12-16 00:00:00;20,92093663912061
2010-12-16 00:00:01;NaN
2010-12-17 23:59:59;NaN
2010-12-18 00:00:00;20,48819255222702
2010-12-18 00:00:01;NaN
2010-12-22 23:59:59;NaN
2010-12-23 00:00:00;20,961971830990706
2010-12-23 00:00:01;NaN
2010-12-25 23:59:59;NaN
2010-12-26 00:00:00;22,405074626868156
2010-12-26 00:00:01;NaN
2011-01-03 23:59:59;NaN
2011-01-04 00:00:00;20,825233644862294
2011-01-04 00:00:01;NaN
2011-01-06 23:59:59;NaN
2011-01-07 00:00:00;20,88538071066307
2011-01-07 00:00:01;NaN
2011-01-09 23:59:59;NaN
2011-01-10 00:00:00;21,399159663867124
2011-01-10 00:00:01;NaN
2011-02-08 23:59:59;NaN
2011-02-09 00:00:00;20,98224789915963
2011-02-09 00:00:01;NaN
2011-02-10 23:59:59;NaN
2011-02-11 00:00:00;21,41543209876619
2011-02-11 00:00:01;NaN
2011-02-12 23:59:59;NaN
2011-02-13 00:00:00;20,544729344731934
2011-02-13 00:00:01;NaN
2011-02-23 23:59:59;NaN
2011-02-24 00:00:00;20,926046901175482
2011-02-25 00:00:00;21,00165289256404
2011-02-25 00:00:01;NaN
2011-02-26 23:59:59;NaN
2011-02-27 00:00:00;21,89016736401794
2011-02-27 00:00:01;NaN
2011-02-28 23:59:59;NaN
2011-03-01 00:00:00;21,373607540705336
2011-03-02 00:00:00;20,005925925928125
2011-03-02 00:00:01;NaN
2011-03-05 23:59:59;NaN
2011-03-06 00:00:00;21,85695110259104
2011-03-06 00:00:01;NaN
2011-03-07 23:59:59;NaN
2011-03-08 00:00:00;21,085639958377897
2011-03-09 00:00:00;20,80439856373698
2011-03-10 00:00:00;19,508933217696892
2011-03-10 00:00:01;NaN
2011-03-19 23:59:59;NaN
2011-03-20 00:00:00;21,019962511718575
2011-03-21 00:00:00;20,84415322580452
2011-03-22 00:00:00;21,138948393379508
2011-03-22 00:00:01;NaN
2011-03-24 23:59:59;NaN
2011-03-25 00:00:00;20,848530901725837
2011-03-25 00:00:01;NaN
2011-04-04 23:59:59;NaN
2011-04-05 00:00:00;21,33698275862389
2011-04-05 00:00:01;NaN
2011-04-06 23:59:59;NaN
2011-04-07 00:00:00;21,239585492229764
2011-04-07 00:00:01;NaN
2011-04-08 23:59:59;NaN
2011-04-09 00:00:00;20,949054726370377
2011-04-10 00:00:00;20,98326661329139
2011-04-11 00:00:00;21,319341563788782
2011-04-12 00:00:00;20,51460000000185
2011-04-13 00:00:00;21,23586854460285
2011-04-13 00:00:01;NaN
2011-04-14 23:59:59;NaN
2011-04-15 00:00:00;21,556342957133666
2011-04-16 00:00:00;21,079286422201506
2011-04-17 00:00:00;20,953119092630516
2011-04-17 00:00:01;NaN
2011-04-19 23:59:59;NaN
2011-04-20 00:00:00;21,181484794278163
2011-04-21 00:00:00;21,91732435034089
2011-04-21 00:00:01;NaN
2011-05-02 23:59:59;NaN
2011-05-03 00:00:00;22,62689721421873
2011-05-03 00:00:01;NaN
2011-05-11 23:59:59;NaN
2011-05-12 00:00:00;23,03139896373358
2011-05-13 00:00:00;21,642972972975883
2011-05-14 00:00:00;20,932613908875226
2011-05-15 00:00:00;21,324440116847654
2011-05-16 00:00:00;22,141744548287534
2011-05-16 00:00:01;NaN
2011-05-18 23:59:59;NaN
2011-05-19 00:00:00;22,171720930236404
2011-05-20 00:00:00;21,226799999999685
2011-05-20 00:00:01;NaN
2011-05-26 23:59:59;NaN
2011-05-27 00:00:00;22,45980676328594
2011-05-27 00:00:01;NaN
2011-05-31 23:59:59;NaN
2011-06-01 00:00:00;22,581135531137022
2011-06-02 00:00:00;21,38723776223992
2011-06-03 00:00:00;21,70010020040229
2011-06-04 00:00:00;21,91790220820326
2011-06-04 00:00:01;NaN
2011-06-14 23:59:59;NaN
2011-06-15 00:00:00;22,74364191251516
2011-06-15 00:00:01;NaN
2011-06-18 23:59:59;NaN
2011-06-19 00:00:00;22,32802030457026
2011-06-19 00:00:01;NaN
2011-06-22 23:59:59;NaN
2011-06-23 00:00:00;22,89528112449983
2011-06-23 00:00:01;NaN
2011-06-24 23:59:59;NaN
2011-06-25 00:00:00;21,58448810754976
2011-06-25 00:00:01;NaN
2011-06-30 23:59:59;NaN
2011-07-01 00:00:00;21,664292878637355
2011-07-02 00:00:00;21,94913627639596
2011-07-02 00:00:01;NaN
2011-07-12 23:59:59;NaN
2011-07-13 00:00:00;21,579763079962277
2011-07-14 00:00:00;20,708831908835407
2011-07-14 00:00:01;NaN
2011-07-16 23:59:59;NaN
2011-07-17 00:00:00;21,858609958508737
2011-07-17 00:00:01;NaN
2011-07-28 23:59:59;NaN
2011-07-29 00:00:00;20,482190635452753
2011-07-30 00:00:00;21,168344155846682
2011-07-30 00:00:01;NaN
2011-09-07 23:59:59;NaN
2011-09-08 00:00:00;21,08483647175683
2011-09-09 00:00:00;21,480772686435557
2011-09-09 00:00:01;NaN
2011-09-30 23:59:59;NaN
2011-10-01 00:00:00;22,027950310562687
2011-10-01 00:00:01;NaN
2011-10-03 23:59:59;NaN
2011-10-04 00:00:00;20,66948989413339
2011-10-04 00:00:01;NaN
2011-10-07 23:59:59;NaN
2011-10-08 00:00:00;22,4687242798355
2011-10-08 00:00:01;NaN
2011-10-09 23:59:59;NaN
2011-10-10 00:00:00;21,545666356012646
2011-10-10 00:00:01;NaN
2011-10-13 23:59:59;NaN
2011-10-14 00:00:00;20,98093065693729
2011-10-15 00:00:00;21,200679611653868
2011-10-16 00:00:00;20,52168067227018
2011-10-17 00:00:00;19,310465116282955
2011-10-18 00:00:00;20,229401088931525
2011-10-19 00:00:00;21,08498556304602
2011-10-19 00:00:01;NaN
2011-10-23 23:59:59;NaN
2011-10-24 00:00:00;20,863399374348262
2011-10-24 00:00:01;NaN
2011-10-28 23:59:59;NaN
2011-10-29 00:00:00;21,38184553661398
2011-10-30 00:00:00;20,18758893280841
2011-10-30 00:00:01;NaN
2011-11-07 23:59:59;NaN
2011-11-08 00:00:00;21,173292999137686
2011-11-08 00:00:01;NaN
2011-11-11 23:59:59;NaN
2011-11-12 00:00:00;20,63299445471614
2011-11-12 00:00:01;NaN
2011-11-15 23:59:59;NaN
2011-11-16 00:00:00;21,21057985758091
2011-11-17 00:00:00;21,561650045334318
2011-11-18 00:00:00;21,10216368767641
2011-11-18 00:00:01;NaN
2011-11-21 23:59:59;NaN
2011-11-22 00:00:00;20,99170040486115
2011-11-22 00:00:01;NaN
2011-11-23 23:59:59;NaN
2011-11-24 00:00:00;21,683333333335952
2011-11-24 00:00:01;NaN
2011-11-27 23:59:59;NaN
2011-11-28 00:00:00;21,746525096527932
2011-11-29 00:00:00;21,098707294553833
2011-11-30 00:00:00;22,09336057201415
2011-11-30 00:00:01;NaN
2011-12-01 23:59:59;NaN
2011-12-02 00:00:00;22,164474807860017
2011-12-03 00:00:00;21,344878957169442
2011-12-03 00:00:01;NaN
2011-12-05 23:59:59;NaN
2011-12-06 00:00:00;21,195000000001983
2011-12-07 00:00:00;20,99216061185706
2011-12-08 00:00:00;20,70494949495219
2011-12-08 00:00:01;NaN
2011-12-11 23:59:59;NaN
2011-12-12 00:00:00;21,65921951219684
2011-12-13 00:00:00;21,783751080380966
2011-12-14 00:00:00;21,619273984444305
2011-12-15 00:00:00;21,279846449138006
2011-12-16 00:00:00;21,12708505367607
2011-12-17 00:00:00;21,671521942112292
2011-12-18 00:00:00;21,64140625000249
2011-12-18 00:00:01;NaN
2012-01-03 23:59:59;NaN
2012-01-04 00:00:00;21,950984455958633
2012-01-05 00:00:00;22,13837330553116
2012-01-06 00:00:00;20,914556331007475
2012-01-06 00:00:01;NaN
2012-01-07 23:59:59;NaN
2012-01-08 00:00:00;22,04039874082048
2012-01-08 00:00:01;NaN
2012-01-18 23:59:59;NaN
2012-01-19 00:00:00;21,602034587996968
2012-01-20 00:00:00;20,957349896482526
2012-01-20 00:00:01;NaN
2012-01-22 23:59:59;NaN
2012-01-23 00:00:00;21,11892712550815
2012-01-24 00:00:00;20,27739204064659
2012-01-25 00:00:00;20,664926931108823
2012-01-25 00:00:01;NaN
2012-02-05 23:59:59;NaN
2012-02-06 00:00:00;22,405626134303077
2012-02-06 00:00:01;NaN
2012-02-07 23:59:59;NaN
2012-02-08 00:00:00;21,263743218810987
2012-02-08 00:00:01;NaN
2012-02-09 23:59:59;NaN
2012-02-10 00:00:00;21,867052023123563
2012-02-11 00:00:00;22,089536031591308
2012-02-11 00:00:01;NaN
2012-02-21 23:59:59;NaN
2012-02-22 00:00:00;22,122468085110086
2012-02-22 00:00:01;NaN
2012-02-24 23:59:59;NaN
2012-02-25 00:00:00;22,111036468332884
2012-02-25 00:00:01;NaN
2012-03-09 23:59:59;NaN
2012-03-10 00:00:00;21,919667013529534
2012-03-10 00:00:01;NaN
2012-03-23 23:59:59;NaN
2012-03-24 00:00:00;22,02838250254564
2012-03-24 00:00:01;NaN
2012-04-06 23:59:59;NaN
2012-04-07 00:00:00;20,626666666666665
2012-04-07 00:00:01;NaN
2012-04-11 23:59:59;NaN
2012-04-12 00:00:00;21,63907172995954
2012-04-12 00:00:01;NaN
2013-03-14 23:59:59;NaN
2013-03-15 00:00:00;22,075645161291106
2013-03-15 00:00:01;NaN
2013-03-16 23:59:59;NaN
2013-03-17 00:00:00;22,591717791411043
2013-03-17 00:00:01;NaN
2013-03-20 23:59:59;NaN
2013-03-21 00:00:00;20,9360888888894
2013-03-21 00:00:01;NaN
2013-03-25 23:59:59;NaN
2013-03-26 00:00:00;22,625306893299353
2013-03-26 00:00:01;NaN
2013-04-18 23:59:59;NaN
2013-04-19 00:00:00;21,22287449392769
2013-04-19 00:00:01;NaN
2013-04-20 23:59:59;NaN
2013-04-21 00:00:00;22,121217887725948
2013-04-21 00:00:01;NaN
2013-04-22 23:59:59;NaN
2013-04-23 00:00:00;20,900104493210563
2013-04-23 00:00:01;NaN
2013-05-16 23:59:59;NaN
2013-05-17 00:00:00;22,631541218638006
2013-05-17 00:00:01;NaN
2013-05-20 23:59:59;NaN
2013-05-21 00:00:00;21,243892165124066
2013-05-21 00:00:01;NaN
2013-05-22 23:59:59;NaN
2013-05-23 00:00:00;21,897004048586382
2013-05-23 00:00:01;NaN
2013-05-30 23:59:59;NaN
2013-05-31 00:00:00;21,465289982427578
2013-05-31 00:00:01;NaN
2013-06-29 23:59:59;NaN
2013-06-30 00:00:00;22,476387487388934
2013-06-30 00:00:01;NaN
2013-07-18 23:59:59;NaN
2013-07-19 00:00:00;22,269665271966517
2013-07-19 00:00:01;NaN
2013-07-22 23:59:59;NaN
2013-07-23 00:00:00;22,693883225212517
2013-07-23 00:00:01;NaN
2013-08-07 23:59:59;NaN
2013-08-08 00:00:00;21,438048780488202
2013-08-08 00:00:01;NaN
2013-08-09 23:59:59;NaN
2013-08-10 00:00:00;21,03817537644261
2013-08-10 00:00:01;NaN
2013-08-23 23:59:59;NaN
2013-08-24 00:00:00;22,26564729867971
2013-08-24 00:00:01;NaN
2013-10-09 23:59:59;NaN
2013-10-10 00:00:00;22,471223021586127
2013-10-10 00:00:01;NaN
2013-10-12 23:59:59;NaN
2013-10-13 00:00:00;21,206731707318568
2013-10-14 00:00:00;20,80209790209949
2013-10-14 00:00:01;NaN
2013-10-21 23:59:59;NaN
2013-10-22 00:00:00;21,37919132149932
2013-10-22 00:00:01;NaN
2013-10-29 23:59:59;NaN
2013-10-30 00:00:00;21,096770938447833
2013-10-31 00:00:00;20,936612489307095
2013-11-01 00:00:00;20,726110124336344
2013-11-02 00:00:00;21,534936479130124
2013-11-02 00:00:01;NaN
2013-11-03 23:59:59;NaN
2013-11-04 00:00:00;20,800978792826015
2013-11-04 00:00:01;NaN
2013-11-18 23:59:59;NaN
2013-11-19 00:00:00;21,646539618857787
2013-11-19 00:00:01;NaN
2013-11-23 23:59:59;NaN
2013-11-24 00:00:00;21,9383819379143
2013-11-25 00:00:00;20,880396039603966
2013-11-26 00:00:00;21,856734693879673
2013-11-26 00:00:01;NaN
2013-11-27 23:59:59;NaN
2013-11-28 00:00:00;22,063572149346385
2013-11-28 00:00:01;NaN
2013-11-29 23:59:59;NaN
2013-11-30 00:00:00;22,008820614469755
2013-11-30 00:00:01;NaN
2013-12-01 23:59:59;NaN
2013-12-02 00:00:00;22,065318416524065
2013-12-03 00:00:00;22,086951983301276
2013-12-03 00:00:01;NaN
2013-12-07 23:59:59;NaN
2013-12-08 00:00:00;20,510707269155205
2013-12-08 00:00:01;NaN
2013-12-16 23:59:59;NaN
2013-12-17 00:00:00;21,846382556988488
2013-12-17 00:00:01;NaN
2013-12-18 23:59:59;NaN
2013-12-19 00:00:00;21,8546277666037
2013-12-19 00:00:01;NaN
2013-12-21 23:59:59;NaN
2013-12-22 00:00:00;22,450603528320414
2013-12-23 00:00:00;21,018370607030533
2013-12-23 00:00:01;NaN
2014-01-05 23:59:59;NaN
2014-01-06 00:00:00;21,1824091778239
2014-01-07 00:00:00;21,18717454194791
2014-01-07 00:00:01;NaN
2014-01-10 23:59:59;NaN
2014-01-11 00:00:00;22,13237704918157
2014-01-11 00:00:01;NaN
2014-01-20 23:59:59;NaN
2014-01-21 00:00:00;22,503125000003877
2014-01-21 00:00:01;NaN
2014-04-14 23:59:59;NaN
2014-04-15 00:00:00;21,119285714288992
2014-04-15 00:00:01;NaN
2014-04-22 23:59:59;NaN
2014-04-23 00:00:00;20,936168032788657
2014-04-24 00:00:00;21,403552859622323
2014-04-24 00:00:01;NaN
2014-04-25 23:59:59;NaN
2014-04-26 00:00:00;22,172569089047045
2014-04-26 00:00:01;NaN
2014-05-08 23:59:59;NaN
2014-05-09 00:00:00;20,811752577320817
2014-05-09 00:00:01;NaN
2014-05-28 23:59:59;NaN
2014-05-29 00:00:00;21,27582524271844
2014-05-29 00:00:01;NaN
2014-09-17 23:59:59;NaN
2014-09-18 00:00:00;21,688095238096935
2014-09-18 00:00:01;NaN
2014-09-19 23:59:59;NaN
2014-09-20 00:00:00;21,38377007607943
2014-09-20 00:00:01;NaN
2014-09-21 23:59:59;NaN
2014-09-22 00:00:00;20,378353658536582
2014-09-23 00:00:00;20,687381703467736
2014-09-23 00:00:01;NaN
2014-10-08 23:59:59;NaN
2014-10-09 00:00:00;22,045148026316667
2014-10-09 00:00:01;NaN
2014-10-10 23:59:59;NaN
2014-10-11 00:00:00;20,681481481484184
2014-10-11 00:00:01;NaN
2014-10-18 23:59:59;NaN
2014-10-19 00:00:00;21,38724696356394
2014-10-19 00:00:01;NaN
2014-10-25 23:59:59;NaN
2014-10-26 00:00:00;21,433393339336988
2014-10-26 00:00:01;NaN
2014-10-30 23:59:59;NaN
2014-10-31 00:00:00;20,6410493827197
2014-10-31 00:00:01;NaN
2014-11-09 23:59:59;NaN
2014-11-10 00:00:00;21,71502016129068
2014-11-10 00:00:01;NaN
2014-11-11 23:59:59;NaN
2014-11-12 00:00:00;22,256675279931073
2014-11-12 00:00:01;NaN
2014-11-18 23:59:59;NaN
2014-11-19 00:00:00;20,832155797106452
2014-11-19 00:00:01;NaN
2014-11-24 23:59:59;NaN
2014-11-25 00:00:00;21,988095238096776
2014-11-25 00:00:01;NaN
2014-11-26 23:59:59;NaN
2014-11-27 00:00:00;21,23913043478575
2014-11-27 00:00:01;NaN
2014-12-08 23:59:59;NaN
2014-12-09 00:00:00;21,844016736404967
2014-12-09 00:00:01;NaN
2014-12-12 23:59:59;NaN
2014-12-13 00:00:00;19,97045929018924
2014-12-13 00:00:01;NaN
2015-01-14 23:59:59;NaN
2015-01-15 00:00:00;21,931065088759567
2015-01-15 00:00:01;NaN
2015-01-21 23:59:59;NaN
2015-01-22 00:00:00;21,469156159072043
2015-01-22 00:00:01;NaN
2015-02-06 23:59:59;NaN
2015-02-07 00:00:00;21,79544609665595
2015-02-08 00:00:00;21,582269503546115
2015-02-08 00:00:01;NaN
2015-03-17 23:59:59;NaN
2015-03-18 00:00:00;21,54619607843381
2015-03-18 00:00:01;NaN
2015-03-22 23:59:59;NaN
2015-03-23 00:00:00;20,32989583333392
2015-03-23 00:00:01;NaN
2015-03-27 23:59:59;NaN
2015-03-28 00:00:00;22,645726055615796
2015-03-29 00:00:00;21,575021459231152
2015-03-30 00:00:00;20,618116683729284
2015-03-30 00:00:01;NaN
2015-05-28 23:59:59;NaN
2015-05-29 00:00:00;22,265239043826
2015-05-29 00:00:01;NaN
2015-06-08 23:59:59;NaN
2015-06-09 00:00:00;21,903061224489647
2015-06-09 00:00:01;NaN
2015-10-10 23:59:59;NaN
2015-10-11 00:00:00;22,438545816734973
2015-10-11 00:00:01;NaN
2015-10-31 23:59:59;NaN
2015-11-01 00:00:00;21,527836879434858
2015-11-02 00:00:00;21,469759450173342
2015-11-02 00:00:01;NaN
2015-11-03 23:59:59;NaN
2015-11-04 00:00:00;21,079104477612418
2015-11-04 00:00:01;NaN
2015-11-06 23:59:59;NaN
2015-11-07 00:00:00;21,5081292850183
2015-11-07 00:00:01;NaN
2015-11-08 23:59:59;NaN
2015-11-09 00:00:00;21,645053868759135
2015-11-09 00:00:01;NaN
2015-11-16 23:59:59;NaN
2015-11-17 00:00:00;21,8762836185835
2015-11-17 00:00:01;NaN
2015-11-22 23:59:59;NaN
2015-11-23 00:00:00;22,27068965517242
2015-11-23 00:00:01;NaN
2015-12-16 23:59:59;NaN
2015-12-17 00:00:00;22,77812807881776
2015-12-17 00:00:01;NaN
2016-01-10 23:59:59;NaN
2016-01-11 00:00:00;22,608986415883862
2016-01-11 00:00:01;NaN
2016-02-20 23:59:59;NaN
2016-02-21 00:00:00;23,307648183557035
2016-02-21 00:00:01;NaN
2016-03-01 23:59:59;NaN
2016-03-02 00:00:00;23,106047966634378
2016-03-02 00:00:01;NaN
2016-03-29 23:59:59;NaN
2016-03-30 00:00:00;22,841555783011472
2016-03-30 00:00:01;NaN
2016-04-01 23:59:59;NaN
2016-04-02 00:00:00;21,72676848874761
2016-04-02 00:00:01;NaN
2016-04-08 23:59:59;NaN
2016-04-09 00:00:00;23,16413373860445
2016-04-09 00:00:01;NaN
2016-04-10 23:59:59;NaN
2016-04-11 00:00:00;21,842051282052182
2016-04-12 00:00:00;21,79975267930928
2016-04-12 00:00:01;NaN
2016-04-30 23:59:59;NaN
2016-05-01 00:00:00;21,867556296914472
2016-05-01 00:00:01;NaN
2016-05-09 23:59:59;NaN
2016-05-10 00:00:00;21,10169811320975
2016-05-10 00:00:01;NaN
2016-05-25 23:59:59;NaN
2016-05-26 00:00:00;22,234814216478185
2016-05-26 00:00:01;NaN
2016-06-12 23:59:59;NaN
2016-06-13 00:00:00;20,800625651723692
2016-06-13 00:00:01;NaN
2016-07-05 23:59:59;NaN
2016-07-06 00:00:00;21,639862879529858
2016-07-06 00:00:01;NaN
2016-09-06 23:59:59;NaN
2016-09-07 00:00:00;21,197277486912583
2016-09-07 00:00:01;NaN
2016-09-10 23:59:59;NaN
2016-09-11 00:00:00;21,8411282051282
2016-09-11 00:00:01;NaN
2016-09-13 23:59:59;NaN
2016-09-14 00:00:00;21,546806482365525
2016-09-14 00:00:01;NaN
2016-09-30 23:59:59;NaN
2016-10-01 00:00:00;21,561602209945136
2016-10-01 00:00:01;NaN
2016-10-03 23:59:59;NaN
2016-10-04 00:00:00;21,77063492063968
2016-10-04 00:00:01;NaN
2016-10-05 23:59:59;NaN
2016-10-06 00:00:00;21,083753784059354
2016-10-06 00:00:01;NaN
2016-10-08 23:59:59;NaN
2016-10-09 00:00:00;21,069665071772533
2016-10-09 00:00:01;NaN
2016-10-10 23:59:59;NaN
2016-10-11 00:00:00;22,16715830875347
2016-10-11 00:00:01;NaN
2016-10-17 23:59:59;NaN
2016-10-18 00:00:00;22,283491062039957
2016-10-18 00:00:01;NaN
2016-10-24 23:59:59;NaN
2016-10-25 00:00:00;21,715411255414324
2016-10-25 00:00:01;NaN
2016-10-28 23:59:59;NaN
2016-10-29 00:00:00;21,33539553752712
2016-10-29 00:00:01;NaN
2016-11-03 23:59:59;NaN
2016-11-04 00:00:00;22,55334018499684
2016-11-04 00:00:01;NaN
2016-11-06 23:59:59;NaN
2016-11-07 00:00:00;22,013663967614377
2016-11-07 00:00:01;NaN
2016-11-10 23:59:59;NaN
2016-11-11 00:00:00;20,753630796150503
2016-11-11 00:00:01;NaN
2016-11-13 23:59:59;NaN
2016-11-14 00:00:00;22,216786355479655
2016-11-15 00:00:00;21,251428571431006
2016-11-16 00:00:00;21,815406360425584
2016-11-17 00:00:00;21,48697916666788
2016-11-18 00:00:00;22,60466666667014
2016-11-19 00:00:00;21,36152777777903
2016-11-20 00:00:00;20,490625000000705
2016-11-21 00:00:00;20,205778648386058
2016-11-22 00:00:00;19,639746093751683
2016-11-23 00:00:00;20,270000000000778
2016-11-24 00:00:00;22,196172248805112
2016-11-25 00:00:00;21,975097656252217
2016-11-26 00:00:00;21,83912280701992
2016-11-27 00:00:00;21,782604166669046
2016-11-28 00:00:00;22,169406867847158
2016-11-29 00:00:00;22,36120370370395
2016-11-29 00:00:01;NaN
2016-11-30 23:59:59;NaN
2016-12-01 00:00:00;22,037222222224784
2016-12-02 00:00:00;22,35504201680834
2016-12-03 00:00:00;21,54152777777955
2016-12-04 00:00:00;21,183402489629316
2016-12-05 00:00:00;20,41458333333378
2016-12-06 00:00:00;21,827777777779204
2016-12-07 00:00:00;21,437316176472166
2016-12-08 00:00:00;21,11343137254954
2016-12-09 00:00:00;21,621372549020464
2016-12-10 00:00:00;21,548541666668484
2016-12-11 00:00:00;22,43194444444714
2016-12-12 00:00:00;22,50009259259292
2016-12-13 00:00:00;21,791960784315506
2016-12-14 00:00:00;22,0085294117672
2016-12-15 00:00:00;22,255938697320346
2016-12-16 00:00:00;20,535784313726538
2016-12-17 00:00:00;21,22889324192363
2016-12-18 00:00:00;21,371562500000664
2016-12-19 00:00:00;22,28500000000139
2016-12-20 00:00:00;21,74833333333561
2016-12-21 00:00:00;20,99875000000128
2016-12-22 00:00:00;20,32656862745216
2016-12-23 00:00:00;21,67009803921451
2016-12-24 00:00:00;21,264658273383645
2016-12-25 00:00:00;21,796494644596066
2016-12-26 00:00:00;21,935098039215404
2016-12-27 00:00:00;22,27216666666868
2016-12-27 00:00:01;NaN
2016-12-28 23:59:59;NaN
2016-12-29 00:00:00;23,029759704256037
2016-12-30 00:00:00;20,764215686275122
2016-12-31 00:00:00;22,21979166666864
2016-12-31 00:00:01;NaN
2017-01-01 23:59:59;NaN
2017-01-02 00:00:00;22,090416666667522
2017-01-02 00:00:01;NaN
2017-01-03 23:59:59;NaN
2017-01-04 00:00:00;22,499736842108632
2017-01-05 00:00:00;21,837916666669003
2017-01-06 00:00:00;21,500686274512248
2017-01-07 00:00:00;22,36270833333259
2017-01-08 00:00:00;21,51687500000196
2017-01-09 00:00:00;21,304166666668607
2017-01-10 00:00:00;21,114561403508787
2017-01-11 00:00:00;21,895416666668325
2017-01-12 00:00:00;21,537254901959557
2017-01-13 00:00:00;22,44194444444696
2017-01-14 00:00:00;21,846428571431545
2017-01-15 00:00:00;21,13146997929647
2017-01-16 00:00:00;21,159901960785874
2017-01-17 00:00:00;22,05981481481473
2017-01-18 00:00:00;21,162037037037464
2017-01-19 00:00:00;21,059215686273774
2017-01-20 00:00:00;21,976666666667086
2017-01-21 00:00:00;20,473166666671773
2017-01-22 00:00:00;18,400729166666338
2017-01-23 00:00:00;19,277058823528705
2017-01-24 00:00:00;20,305711318797364
2017-01-25 00:00:00;20,64382352941152
2017-01-26 00:00:00;22,130000000001758
2017-01-27 00:00:00;22,00551508845041
2017-01-27 00:00:01;NaN
2017-01-28 23:59:59;NaN
2017-01-29 00:00:00;22,66166666666902
2017-01-30 00:00:00;22,57088235294276
2017-01-31 00:00:00;21,24622807017903
2017-02-01 00:00:00;20,83260416666741
2017-02-01 00:00:01;NaN
2017-02-09 23:59:59;NaN
2017-02-10 00:00:00;22,67083333333676
2017-02-10 00:00:01;NaN
2017-02-11 23:59:59;NaN
2017-02-12 00:00:00;22,304628099174636
2017-02-13 00:00:00;21,860185185188527
2017-02-13 00:00:01;NaN
2017-02-14 23:59:59;NaN
2017-02-15 00:00:00;20,610937500000205
2017-02-16 00:00:00;21,827037037036632
2017-02-17 00:00:00;20,622083333334388
2017-02-18 00:00:00;20,44229166666622
2017-02-18 00:00:01;NaN
2017-02-19 23:59:59;NaN
2017-02-20 00:00:00;22,406111111112523
2017-02-20 00:00:01;NaN
2017-02-21 23:59:59;NaN
2017-02-22 00:00:00;21,890763888891513
2017-02-23 00:00:00;19,89343749999739
2017-02-24 00:00:00;21,684607843135097
2017-02-25 00:00:00;21,23825757576037
2017-02-26 00:00:00;21,239841269843964
2017-02-27 00:00:00;21,946418338107833
2017-02-28 00:00:00;21,03666666666885
2017-03-01 00:00:00;21,417222222222563
2017-03-02 00:00:00;22,210784313725526
2017-03-03 00:00:00;21,83170478170399
2017-03-03 00:00:01;NaN
2017-03-05 23:59:59;NaN
2017-03-06 00:00:00;22,290520833335222
2017-03-07 00:00:00;21,362396694215363
2017-03-08 00:00:00;21,987628865980923
2017-03-09 00:00:00;22,17855044074696
2017-03-10 00:00:00;21,44138888888847
2017-03-11 00:00:00;21,12271468144263
2017-03-12 00:00:00;21,11520833333509
2017-03-13 00:00:00;21,122851919562947
2017-03-14 00:00:00;21,447954545456867
2017-03-15 00:00:00;20,945208333336268
2017-03-16 00:00:00;21,034687499998654
2017-03-17 00:00:00;22,034901960785817
2017-03-18 00:00:00;21,318240740742
2017-03-19 00:00:00;21,747916666667436
2017-03-20 00:00:00;20,8465625000008
2017-03-21 00:00:00;21,706851851852036
2017-03-22 00:00:00;21,2442105263176
2017-03-23 00:00:00;21,57675000000137
2017-03-24 00:00:00;21,757719298247594
2017-03-25 00:00:00;21,080833333334397
2017-03-26 00:00:00;21,093888888890717
2017-03-27 00:00:00;21,35981481481508
2017-03-28 00:00:00;21,968229166668152
2017-03-29 00:00:00;21,867913549461434
2017-03-30 00:00:00;21,753939393941096
2017-03-31 00:00:00;21,218500000001427
2017-04-01 00:00:00;21,909166666667943
2017-04-02 00:00:00;22,624245577524675
2017-04-02 00:00:01;NaN
2017-04-07 23:59:59;NaN
2017-04-08 00:00:00;21,850294117649128
2017-04-09 00:00:00;21,443809523812092
2017-04-10 00:00:00;21,709313725490063
2017-04-11 00:00:00;22,273753280841447
2017-04-12 00:00:00;22,22843750000129
2017-04-12 00:00:01;NaN
2017-04-13 23:59:59;NaN
2017-04-14 00:00:00;21,989047619049586
2017-04-15 00:00:00;22,08750000000049
2017-04-15 00:00:01;NaN
2017-04-16 23:59:59;NaN
2017-04-17 00:00:00;21,7086248982921
2017-04-18 00:00:00;22,332432432435496
2017-04-19 00:00:00;21,181111111109715
2017-04-20 00:00:00;21,28515151515404
2017-04-21 00:00:00;21,10842592592735
2017-04-21 00:00:01;NaN
2017-04-23 23:59:59;NaN
2017-04-24 00:00:00;22,37114583333414
2017-04-25 00:00:00;22,388412698413333
2017-04-26 00:00:00;22,028492063493957
2017-04-26 00:00:01;NaN
2017-04-27 23:59:59;NaN
2017-04-28 00:00:00;22,16937499999875
2017-04-28 00:00:01;NaN
2017-04-29 23:59:59;NaN
2017-04-30 00:00:00;21,860500000001878
2017-05-01 00:00:00;21,90311149524706
2017-05-02 00:00:00;22,21911764705999
2017-05-03 00:00:00;22,01583333333491
2017-05-04 00:00:00;20,57712962963177
2017-05-05 00:00:00;20,978487848785903
2017-05-06 00:00:00;21,51350877193056
2017-05-07 00:00:00;21,92598736177058
2017-05-08 00:00:00;21,48880952381046
2017-05-09 00:00:00;21,72976190476288
2017-05-10 00:00:00;21,36198412698633
2017-05-11 00:00:00;21,224629629630897
2017-05-12 00:00:00;21,541756420878244
2017-05-13 00:00:00;21,611825396825395
2017-05-14 00:00:00;21,85666666666839
2017-05-15 00:00:00;20,85981481481616
2017-05-16 00:00:00;21,545429362882203
2017-05-17 00:00:00;22,303229166668245
2017-05-18 00:00:00;22,602504816959083
2017-05-18 00:00:01;NaN
2017-05-19 23:59:59;NaN
2017-05-20 00:00:00;22,719961612285715
2017-05-21 00:00:00;22,8359803921594
2017-05-22 00:00:00;22,013888888891813
2017-05-23 00:00:00;21,129374999999357
2017-05-23 00:00:01;NaN
2017-05-28 23:59:59;NaN
2017-05-29 00:00:00;22,42833333333448
2017-05-29 00:00:01;NaN
2017-05-30 23:59:59;NaN
2017-05-31 00:00:00;22,81375000000139
2017-05-31 00:00:01;NaN
2017-06-06 23:59:59;NaN
2017-06-07 00:00:00;21,79651515151778
2017-06-08 00:00:00;21,32986111111245
2017-06-09 00:00:00;21,930174793010167
2017-06-09 00:00:01;NaN
2017-06-10 23:59:59;NaN
2017-06-11 00:00:00;22,79388083736029
2017-06-12 00:00:00;21,714583333335213
2017-06-13 00:00:00;21,69625000000042
2017-06-14 00:00:00;21,316111111112207
2017-06-15 00:00:00;21,750244857980647
2017-06-16 00:00:00;22,58796477495042
2017-06-17 00:00:00;21,8360784313752
2017-06-18 00:00:00;21,746759259258397
2017-06-19 00:00:00;21,93912280701994
2017-06-20 00:00:00;20,534062500001596
2017-06-21 00:00:00;21,365166666669268
2017-06-22 00:00:00;21,862810707458493
2017-06-23 00:00:00;21,992745098040018
2017-06-24 00:00:00;21,126867219918438
2017-06-25 00:00:00;21,586562500000696
2017-06-26 00:00:00;22,313229166667043
2017-06-27 00:00:00;21,361111111112734
2017-06-28 00:00:00;21,310877192982616
2017-06-29 00:00:00;22,354791666665733
2017-06-30 00:00:00;22,404166666668743
2017-06-30 00:00:01;NaN
2017-07-01 23:59:59;NaN
2017-07-02 00:00:00;22,313437500001214
2017-07-03 00:00:00;21,40774509804089
2017-07-04 00:00:00;22,072083333333637
2017-07-04 00:00:01;NaN
2017-07-07 23:59:59;NaN
2017-07-08 00:00:00;22,141176470590096
2017-07-09 00:00:00;22,037669094692774
2017-07-10 00:00:00;22,158652849743476
2017-07-11 00:00:00;21,3606250000027
2017-07-11 00:00:01;NaN
2017-07-14 23:59:59;NaN
2017-07-15 00:00:00;22,04303921568959
2017-07-16 00:00:00;21,824796380090675
2017-07-17 00:00:00;22,373020833335715
2017-07-17 00:00:01;NaN
2017-07-18 23:59:59;NaN
2017-07-19 00:00:00;21,973823529413494
2017-07-20 00:00:00;20,568749999999568
2017-07-21 00:00:00;21,55906249999805
2017-07-22 00:00:00;22,333645833331843
2017-07-22 00:00:01;NaN
2017-07-28 23:59:59;NaN
2017-07-29 00:00:00;21,819705882356743
2017-07-30 00:00:00;21,240784313726067
2017-07-30 00:00:01;NaN
2017-07-31 23:59:59;NaN
2017-08-01 00:00:00;19,688854166666317
2017-08-01 00:00:01;NaN
2017-08-03 23:59:59;NaN
2017-08-04 00:00:00;21,430686274515097
2017-08-04 00:00:01;NaN
2017-08-08 23:59:59;NaN
2017-08-09 00:00:00;22,7516409266442
2017-08-09 00:00:01;NaN
2017-08-10 23:59:59;NaN
2017-08-11 00:00:00;22,008250000001794
2017-08-12 00:00:00;21,277777777777885
2017-08-12 00:00:01;NaN
2017-08-14 23:59:59;NaN
2017-08-15 00:00:00;21,828020833332857
2017-08-15 00:00:01;NaN
2017-08-17 23:59:59;NaN
2017-08-18 00:00:00;22,71392156862828
2017-08-19 00:00:00;22,27158333333483
2017-08-20 00:00:00;21,51111111111453
2017-08-21 00:00:00;20,59356846472872
2017-08-21 00:00:01;NaN
2017-08-22 23:59:59;NaN
2017-08-23 00:00:00;21,55300207039329
2017-08-24 00:00:00;21,998437499999113
2017-08-24 00:00:01;NaN
2017-08-26 23:59:59;NaN
2017-08-27 00:00:00;22,477249224406023
2017-08-28 00:00:00;22,335370370374278
2017-08-29 00:00:00;21,824351851854033
2017-08-30 00:00:00;21,556444906446416
2017-08-31 00:00:00;21,393541666670274
2017-08-31 00:00:01;NaN
2017-09-05 23:59:59;NaN
2017-09-06 00:00:00;22,201250000000186
2017-09-07 00:00:00;22,39373776908201
2017-09-08 00:00:00;21,574236111112214
2017-09-09 00:00:00;21,823567467653447
2017-09-10 00:00:00;22,135161606270856
2017-09-10 00:00:01;NaN
2017-09-12 23:59:59;NaN
2017-09-13 00:00:00;22,911764705882547
2017-09-13 00:00:01;NaN
2017-09-14 23:59:59;NaN
2017-09-15 00:00:00;23,00715686274509
2017-09-15 00:00:01;NaN
2017-09-16 23:59:59;NaN
2017-09-17 00:00:00;23,42731481481468
2017-09-17 00:00:01;NaN
2017-09-22 23:59:59;NaN
2017-09-23 00:00:00;22,392148760335544
2017-09-24 00:00:00;21,948921568626872
2017-09-25 00:00:00;22,441960784315256
2017-09-26 00:00:00;22,400625000001412
2017-09-26 00:00:01;NaN
2017-09-27 23:59:59;NaN
2017-09-28 00:00:00;22,157539682542563
2017-09-29 00:00:00;21,277254901962067
2017-09-30 00:00:00;21,50090277777997
2017-10-01 00:00:00;21,879313725490988
2017-10-02 00:00:00;22,672870370371697
2017-10-03 00:00:00;22,633611111111804
2017-10-04 00:00:00;21,590614035090653
2017-10-05 00:00:00;21,703888888890162
2017-10-06 00:00:00;22,014298245615805
2017-10-07 00:00:00;21,799705882355852
2017-10-08 00:00:00;21,573715415020388
2017-10-09 00:00:00;21,31769841270176
2017-10-10 00:00:00;21,313031423291477
2017-10-11 00:00:00;21,879772727274087
2017-10-11 00:00:01;NaN
2017-10-12 23:59:59;NaN
2017-10-13 00:00:00;21,883229166666126
2017-10-14 00:00:00;22,434901960784202
2017-10-14 00:00:01;NaN
2017-10-20 23:59:59;NaN
2017-10-21 00:00:00;23,30248704663228
2017-10-22 00:00:00;23,0440151515171
2017-10-23 00:00:00;22,63225490196379
2017-10-24 00:00:00;20,785277777779697
2017-10-25 00:00:00;21,64228070175534
2017-10-26 00:00:00;20,970666666668023
2017-10-27 00:00:00;21,45068627451269
2017-10-28 00:00:00;21,221388888890544
2017-10-29 00:00:00;21,576784426822258
2017-10-30 00:00:00;21,229047619049368
2017-10-31 00:00:00;20,492058823530556
2017-11-01 00:00:00;21,640429687500898
2017-11-02 00:00:00;21,43147605083061
2017-11-03 00:00:00;21,250370370371968
2017-11-04 00:00:00;21,834609826591304
2017-11-05 00:00:00;20,939607843138447
2017-11-06 00:00:00;22,107338551859755
2017-11-07 00:00:00;21,590644490647435
2017-11-08 00:00:00;21,10401960784361
2017-11-09 00:00:00;22,057549019609894
2017-11-10 00:00:00;21,991274509805407
2017-11-11 00:00:00;22,332268041238024
2017-11-11 00:00:01;NaN
2017-11-12 23:59:59;NaN
2017-11-13 00:00:00;22,364740450541262
2017-11-14 00:00:00;21,71441666666891
2017-11-15 00:00:00;21,623326286118186
2017-11-16 00:00:00;22,006403508773417
2017-11-17 00:00:00;21,28608333333483
2017-11-18 00:00:00;21,363137254901915
2017-11-19 00:00:00;21,952017543860904
2017-11-20 00:00:00;21,719545454546733
2017-11-21 00:00:00;21,81196078431617
2017-11-22 00:00:00;21,71937500000348
2017-11-23 00:00:00;21,259901960786067
2017-11-24 00:00:00;21,240634920636296
2017-11-25 00:00:00;20,95866797257537
2017-11-26 00:00:00;22,402081165453524
2017-11-27 00:00:00;21,57396883593185
2017-11-27 00:00:01;NaN
2017-11-28 23:59:59;NaN
2017-11-29 00:00:00;23,1246111619418
2017-11-30 00:00:00;22,79927083333439
2017-12-01 00:00:00;22,38333333333611
2017-12-02 00:00:00;21,806759259259707
2017-12-03 00:00:00;22,120686274509183
2017-12-04 00:00:00;22,568630849223382
2017-12-05 00:00:00;22,330104166668605
2017-12-05 00:00:01;NaN
2017-12-07 23:59:59;NaN
2017-12-08 00:00:00;22,38971596474238
2017-12-09 00:00:00;22,044912280702988
2017-12-10 00:00:00;21,671103202847917
2017-12-11 00:00:00;21,988888888890017
2017-12-12 00:00:00;21,254924242427478
2017-12-13 00:00:00;20,700685602351314
2017-12-14 00:00:00;22,05019607843343
2017-12-15 00:00:00;21,708958333332987
2017-12-15 00:00:01;NaN
2017-12-18 23:59:59;NaN
2017-12-19 00:00:00;21,178193146419858
2017-12-19 00:00:01;NaN
2017-12-20 23:59:59;NaN
2017-12-21 00:00:00;22,70671487603238
2017-12-21 00:00:01;NaN
2017-12-23 23:59:59;NaN
2017-12-24 00:00:00;21,266666666667675
2017-12-25 00:00:00;21,75158730158921
2017-12-26 00:00:00;21,29190283400999
2017-12-27 00:00:00;21,165294117645544
2017-12-28 00:00:00;21,30822784810232
2017-12-29 00:00:00;21,75666666666814
2017-12-30 00:00:00;20,75542359461832
2017-12-31 00:00:00;21,378916666668317
2018-01-01 00:00:00;20,660694444445994
2018-01-02 00:00:00;20,810701754387765
2018-01-03 00:00:00;20,56427083333432
2018-01-04 00:00:00;21,840833333335695
2018-01-05 00:00:00;20,422058823531415
2018-01-06 00:00:00;20,35046808510606
2018-01-07 00:00:00;20,634411764709057
2018-01-08 00:00:00;21,137583333333964
2018-01-09 00:00:00;21,388636363639648
2018-01-10 00:00:00;20,041574074075527
2018-01-11 00:00:00;20,144607843137976
2018-01-12 00:00:00;21,02194159431849
2018-01-13 00:00:00;20,351578947370683
2018-01-14 00:00:00;20,36416666666929
2018-01-15 00:00:00;20,418333333333862
2018-01-16 00:00:00;20,380833333335374
2018-01-17 00:00:00;20,09028021015746
2018-01-18 00:00:00;21,479967689824548
2018-01-19 00:00:00;21,724803921569958
2018-01-20 00:00:00;22,308796296296748
2018-01-21 00:00:00;22,650729166666736
2018-01-22 00:00:00;22,48539215686418
2018-01-23 00:00:00;21,75872549019732
2018-01-23 00:00:01;NaN
2018-01-24 23:59:59;NaN
2018-01-25 00:00:00;21,39636552440271
2018-01-26 00:00:00;22,06449416342582
2018-01-27 00:00:00;21,261041666665903
2018-01-28 00:00:00;22,080980392159745
2018-01-28 00:00:01;NaN
2018-01-29 23:59:59;NaN
2018-01-30 00:00:00;22,42138888889218
2018-01-30 00:00:01;NaN
2018-02-01 23:59:59;NaN
2018-02-02 00:00:00;22,462745098041466
2018-02-03 00:00:00;21,979566563469007
2018-02-03 00:00:01;NaN
2018-02-04 23:59:59;NaN
2018-02-05 00:00:00;22,35802083333624
2018-02-05 00:00:01;NaN
2018-02-06 23:59:59;NaN
2018-02-07 00:00:00;22,97458333333435
2018-02-07 00:00:01;NaN
2018-02-09 23:59:59;NaN
2018-02-10 00:00:00;22,86903602726369
2018-02-11 00:00:00;21,79953703703768
2018-02-11 00:00:01;NaN
2018-02-12 23:59:59;NaN
2018-02-13 00:00:00;21,691286307055293
2018-02-14 00:00:00;21,652533609101454
2018-02-15 00:00:00;22,016666666665856
2018-02-15 00:00:01;NaN
2018-02-16 23:59:59;NaN
2018-02-17 00:00:00;22,947280701757677
2018-02-18 00:00:00;22,244183773216776
2018-02-19 00:00:00;22,071780147663503
2018-02-19 00:00:01;NaN
2018-02-20 23:59:59;NaN
2018-02-21 00:00:00;22,297916666669607
2018-02-22 00:00:00;22,742090656799917
2018-02-23 00:00:00;21,51072916666874
2018-02-24 00:00:00;21,356862745098454
2018-02-25 00:00:00;20,90686274509966
2018-02-26 00:00:00;19,772291666668025
2018-02-27 00:00:00;20,551177072672374
2018-02-28 00:00:00;21,072227979276306
2018-02-28 00:00:01;NaN
2018-03-01 23:59:59;NaN
2018-03-02 00:00:00;22,350356859638453
2018-03-03 00:00:00;21,812291666665146
2018-03-04 00:00:00;22,978750000001014
2018-03-05 00:00:00;22,315845410629493
2018-03-06 00:00:00;22,180520833333617
2018-03-06 00:00:01;NaN
2018-03-17 23:59:59;NaN
2018-03-18 00:00:00;21,896458333332475
2018-03-19 00:00:00;21,92237762237943
2018-03-20 00:00:00;21,705666666668606
2018-03-20 00:00:01;NaN
2018-03-23 23:59:59;NaN
2018-03-24 00:00:00;21,08125000000024
2018-03-24 00:00:01;NaN
2018-03-26 23:59:59;NaN
2018-03-27 00:00:00;21,507321772640694
2018-03-28 00:00:00;22,700000000000898
2018-03-29 00:00:00;22,79696969697136
2018-03-30 00:00:00;21,190740740742115
2018-03-31 00:00:00;20,904750000001684
2018-04-01 00:00:00;21,160277777778504
2018-04-02 00:00:00;20,977416666669285
2018-04-02 00:00:01;NaN
2018-05-24 23:59:59;NaN
2018-05-25 00:00:00;21,700206611571275
2018-05-26 00:00:00;21,391372549021526
2018-05-27 00:00:00;21,066078431373967
2018-05-28 00:00:00;20,65241666666924
2018-05-29 00:00:00;21,044215246635815
2018-05-30 00:00:00;21,777062706273625
2018-05-31 00:00:00;21,625960539979303
2018-06-01 00:00:00;21,878421052632575
2018-06-02 00:00:00;22,356896551725754
2018-06-03 00:00:00;22,464948453608542
2018-06-04 00:00:00;22,663039215688514
2018-06-04 00:00:01;NaN
2018-06-08 23:59:59;NaN
2018-06-09 00:00:00;22,384509803924004
2018-06-10 00:00:00;21,662266112266934
2018-06-11 00:00:00;22,166041666665933
2018-06-12 00:00:00;22,453229166667256
2018-06-13 00:00:00;21,949791666665533
2018-06-14 00:00:00;22,76518518518958
2018-06-15 00:00:00;21,762187500000266
2018-06-16 00:00:00;22,67700101317189
2018-06-16 00:00:01;NaN
2018-06-18 23:59:59;NaN
2018-06-19 00:00:00;21,437500000000398
2018-06-20 00:00:00;21,32617647058811
2018-06-21 00:00:00;21,492647058823536
2018-06-21 00:00:01;NaN
2018-06-22 23:59:59;NaN
2018-06-23 00:00:00;22,284722222224502
2018-06-24 00:00:00;21,75529411764893
2018-06-24 00:00:01;NaN
2018-06-25 23:59:59;NaN
2018-06-26 00:00:00;22,028333333335013
2018-06-27 00:00:00;21,54205882352983
2018-06-28 00:00:00;20,905882352941035
2018-06-29 00:00:00;21,12931372549025
2018-06-30 00:00:00;21,377063492066384
2018-07-01 00:00:00;20,29637254902252
2018-07-02 00:00:00;20,692285156249795
2018-07-03 00:00:00;21,644895833335
2018-07-03 00:00:01;NaN
2018-07-04 23:59:59;NaN
2018-07-05 00:00:00;22,293125000001567
2018-07-06 00:00:00;22,18843137255095
2018-07-06 00:00:01;NaN
2018-07-10 23:59:59;NaN
2018-07-11 00:00:00;22,083854166668573
2018-07-11 00:00:01;NaN
2018-07-16 23:59:59;NaN
2018-07-17 00:00:00;22,77885416666612
2018-07-17 00:00:01;NaN
2018-07-18 23:59:59;NaN
2018-07-19 00:00:00;22,951284686536894
2018-07-19 00:00:01;NaN
2018-07-21 23:59:59;NaN
2018-07-22 00:00:00;22,790937500003622
2018-07-22 00:00:01;NaN
2018-07-23 23:59:59;NaN
2018-07-24 00:00:00;21,62236111111332
2018-07-25 00:00:00;21,980780209324394
2018-07-25 00:00:01;NaN
2018-07-26 23:59:59;NaN
2018-07-27 00:00:00;21,35058823529488
2018-07-28 00:00:00;22,15841073271406
2018-07-29 00:00:00;22,254122807018803
2018-07-30 00:00:00;22,00778533636003
2018-07-31 00:00:00;21,157982456140587
2018-08-01 00:00:00;20,37931372548985
2018-08-02 00:00:00;22,08301698301682
2018-08-03 00:00:00;21,944607843137476
2018-08-04 00:00:00;21,64472222222429
2018-08-05 00:00:00;21,020185185186904
2018-08-06 00:00:00;21,633677685949806
2018-08-07 00:00:00;21,47416666666453
2018-08-07 00:00:01;NaN
2018-08-09 23:59:59;NaN
2018-08-10 00:00:00;19,94031250000495
2018-08-11 00:00:00;19,844984488102966
2018-08-11 00:00:01;NaN
2018-08-12 23:59:59;NaN
2018-08-13 00:00:00;22,743035343037832
2018-08-14 00:00:00;21,793596491231597
2018-08-15 00:00:00;20,247058823528505
2018-08-15 00:00:01;NaN
2018-09-26 23:59:59;NaN
2018-09-27 00:00:00;22,032843137257885
2018-09-27 00:00:01;NaN
2018-10-03 23:59:59;NaN
2018-10-04 00:00:00;21,953148148146852
2018-10-05 00:00:00;22,282500000000823
2018-10-06 00:00:00;21,864901960785573
2018-10-07 00:00:00;22,879296066251186
2018-10-08 00:00:00;21,50833333333503
2018-10-09 00:00:00;22,225789473684245
2018-10-10 00:00:00;21,526962142199466
2018-10-11 00:00:00;20,848916666667833
2018-10-12 00:00:00;22,074083333334556
2018-10-13 00:00:00;21,86647058823803
2018-10-14 00:00:00;20,52039215686341
2018-10-15 00:00:00;22,150684931507726
2018-10-16 00:00:00;22,55500000000029
2018-10-17 00:00:00;22,882708333335927
2018-10-18 00:00:00;22,605980392157846
2018-10-19 00:00:00;23,158634146340887
2018-10-20 00:00:00;21,12978889757875
2018-10-21 00:00:00;21,805625000001385
2018-10-22 00:00:00;21,62653748947156
2018-10-23 00:00:00;21,826568627450342
2018-10-24 00:00:00;22,065895458442697
2018-10-25 00:00:00;22,196394686907013
2018-10-26 00:00:00;22,386770833333685
2018-10-27 00:00:00;21,6002081165463
2018-10-27 00:00:01;NaN
2018-10-28 23:59:59;NaN
2018-10-29 00:00:00;21,944652777780846
2018-10-30 00:00:00;20,97937500000012
2018-10-31 00:00:00;21,98427083333189
2018-11-01 00:00:00;23,04764107308256
2018-11-02 00:00:00;21,914561403512437
2018-11-03 00:00:00;21,445350877193164
2018-11-04 00:00:00;21,929924242425557
2018-11-05 00:00:00;21,877424242426343
2018-11-06 00:00:00;20,780098039216
2018-11-07 00:00:00;21,87159647404667
2018-11-08 00:00:00;21,884074074076068
2018-11-09 00:00:00;22,147693574959817
2018-11-10 00:00:00;21,262807017545867
2018-11-11 00:00:00;22,11564501372294
2018-11-12 00:00:00;22,48690127077498
2018-11-13 00:00:00;21,79725000000127
2018-11-14 00:00:00;21,58640350877397
2018-11-15 00:00:00;21,751461988305664
2018-11-16 00:00:00;22,3969791666658
2018-11-17 00:00:00;22,970866141733268
2018-11-18 00:00:00;21,433333333335497
2018-11-19 00:00:00;22,189083333335134
2018-11-20 00:00:00;22,309615384615427
2018-11-21 00:00:00;22,176111111112277
2018-11-22 00:00:00;22,46950146627546
2018-11-23 00:00:00;22,11597690086819
2018-11-24 00:00:00;22,599918233854453
2018-11-24 00:00:01;NaN
2018-11-25 23:59:59;NaN
2018-11-26 00:00:00;21,977569444447568
2018-11-27 00:00:00;21,690416666666636
2018-11-28 00:00:00;21,401759259260984
2018-11-29 00:00:00;21,14432432432517
2018-11-30 00:00:00;22,010652173915616
2018-12-01 00:00:00;20,50666666666882
2018-12-02 00:00:00;21,39444444444507
2018-12-03 00:00:00;22,43251714006078
2018-12-04 00:00:00;22,01156862745279
2018-12-05 00:00:00;21,483583333335957
2018-12-06 00:00:00;20,986944444445044
2018-12-07 00:00:00;21,41519607843219
2018-12-08 00:00:00;22,08995121951284
2018-12-08 00:00:01;NaN
2018-12-12 23:59:59;NaN
2018-12-13 00:00:00;21,963343717550288
2018-12-14 00:00:00;21,742166666669107
2018-12-15 00:00:00;21,096770833333665
2018-12-15 00:00:01;NaN
2018-12-16 23:59:59;NaN
2018-12-17 00:00:00;22,44166666666689
2018-12-17 00:00:01;NaN
2018-12-20 23:59:59;NaN
2018-12-21 00:00:00;21,902352941178947
2018-12-22 00:00:00;21,294351851855538
2018-12-23 00:00:00;21,661458333333428
2018-12-24 00:00:00;22,379062500000146
2018-12-24 00:00:01;NaN
2019-01-05 23:59:59;NaN
2019-01-06 00:00:00;22,762577962580167
2019-01-07 00:00:00;22,217361111113235
2019-01-08 00:00:00;21,723920863310127
2019-01-09 00:00:00;21,393611111113444
2019-01-10 00:00:00;21,851060606062163
2019-01-11 00:00:00;21,390588235294615
2019-01-12 00:00:00;21,69578431372679
2019-01-13 00:00:00;22,490916666669705
2019-01-14 00:00:00;21,389291598023874
2019-01-15 00:00:00;22,056640624998124
2019-01-16 00:00:00;22,698153846157595
2019-01-16 00:00:01;NaN
2019-01-17 23:59:59;NaN
2019-01-18 00:00:00;22,366666666667925
2019-01-18 00:00:01;NaN
2019-01-19 23:59:59;NaN
2019-01-20 00:00:00;23,273725490199467
2019-01-20 00:00:01;NaN
2019-01-27 23:59:59;NaN
2019-01-28 00:00:00;22,785816733070874
2019-01-29 00:00:00;21,91354166666565
2019-01-30 00:00:00;23,041960784314142
2019-01-31 00:00:00;22,32250000000238
2019-02-01 00:00:00;22,01231884058228
2019-02-02 00:00:00;21,399584199584183
2019-02-02 00:00:01;NaN
2019-02-03 23:59:59;NaN
2019-02-04 00:00:00;22,42468750000228
2019-02-04 00:00:01;NaN
2019-02-06 23:59:59;NaN
2019-02-07 00:00:00;22,595937500002094
2019-02-08 00:00:00;21,594649122806686
2019-02-09 00:00:00;22,41960784313858
2019-02-09 00:00:01;NaN
2019-02-16 23:59:59;NaN
2019-02-17 00:00:00;23,0429166666662
2019-02-18 00:00:00;23,206145833332812
2019-02-19 00:00:00;22,638125000002617
2019-02-19 00:00:01;NaN
2019-02-22 23:59:59;NaN
2019-02-23 00:00:00;23,041372549021332
2019-02-24 00:00:00;22,67078947368327
2019-02-25 00:00:00;22,91885416666514
2019-02-26 00:00:00;23,45676172953074
2019-02-27 00:00:00;22,02464912280692
2019-02-28 00:00:00;22,488854166667522
2019-03-01 00:00:00;22,186568627451607
2019-03-02 00:00:00;22,565564202335054
2019-03-03 00:00:00;21,474117647061064
2019-03-04 00:00:00;22,08884297520558
2019-03-05 00:00:00;22,96954261954363
2019-03-05 00:00:01;NaN
2019-03-06 23:59:59;NaN
2019-03-07 00:00:00;22,570980392156628
2019-03-07 00:00:01;NaN
2019-03-09 23:59:59;NaN
2019-03-10 00:00:00;23,275729166666963
2019-03-11 00:00:00;23,023854166666865
2019-03-12 00:00:00;22,586833333335562
2019-03-12 00:00:01;NaN
2019-03-13 23:59:59;NaN
2019-03-14 00:00:00;22,44515873015996
2019-03-15 00:00:00;22,426293995858714
2019-03-15 00:00:01;NaN
2019-03-17 23:59:59;NaN
2019-03-18 00:00:00;22,631666666669332
2019-03-19 00:00:00;21,03263888889029
2019-03-20 00:00:00;21,672450980392114
2019-03-21 00:00:00;21,06906077348293
2019-03-22 00:00:00;22,153405797103233
2019-03-23 00:00:00;22,39294117647154
2019-03-24 00:00:00;22,873043478263128
2019-03-24 00:00:01;NaN
2019-03-25 23:59:59;NaN
2019-03-26 00:00:00;23,010950413222815
2019-03-26 00:00:01;NaN
2019-03-27 23:59:59;NaN
2019-03-28 00:00:00;22,915196078433837
2019-03-29 00:00:00;21,950208333335354
2019-03-30 00:00:00;22,31101851851713
2019-03-31 00:00:00;21,869578622816675
2019-04-01 00:00:00;22,352916666668477
2019-04-02 00:00:00;21,136583333335068
2019-04-03 00:00:00;21,637431048069402
2019-04-04 00:00:00;22,550526315790876
2019-04-05 00:00:00;21,717908902693637
2019-04-06 00:00:00;22,1187719298253
2019-04-06 00:00:01;NaN
2019-04-09 23:59:59;NaN
2019-04-10 00:00:00;22,100416666668195
2019-04-10 00:00:01;NaN
2019-04-12 23:59:59;NaN
2019-04-13 00:00:00;22,60635245901915
2019-04-13 00:00:01;NaN
2019-04-14 23:59:59;NaN
2019-04-15 00:00:00;22,612777777780707
2019-04-15 00:00:01;NaN
2019-04-16 23:59:59;NaN
2019-04-17 00:00:00;22,381452318462664
2019-04-18 00:00:00;21,975833333333128
2019-04-19 00:00:00;21,839416666668114
2019-04-20 00:00:00;21,995740740741837
2019-04-21 00:00:00;21,616570008285862
2019-04-22 00:00:00;21,9930303030323
2019-04-23 00:00:00;21,73944444444652
2019-04-24 00:00:00;21,969907407407675
2019-04-25 00:00:00;22,111666666667816
2019-04-26 00:00:00;21,97401656314969
2019-04-26 00:00:01;NaN
2019-04-28 23:59:59;NaN
2019-04-29 00:00:00;23,21823529411961
2019-04-29 00:00:01;NaN
2019-05-02 23:59:59;NaN
2019-05-03 00:00:00;23,757708333333085
2019-05-03 00:00:01;NaN
2019-05-07 23:59:59;NaN
2019-05-08 00:00:00;22,79003083247875
2019-05-09 00:00:00;21,954202898552467
2019-05-10 00:00:00;21,541666666666856
2019-05-10 00:00:01;NaN
2019-05-11 23:59:59;NaN
2019-05-12 00:00:00;23,01875000000092
2019-05-13 00:00:00;22,927348484851166
2019-05-14 00:00:00;22,701768990635117
2019-05-15 00:00:00;21,888431372552247
2019-05-16 00:00:00;20,636083333333943
2019-05-17 00:00:00;21,62924242424424
2019-05-18 00:00:00;22,301639344263947
2019-05-19 00:00:00;21,961939218525742
2019-05-20 00:00:00;21,614907407411124
2019-05-21 00:00:00;22,00510416666617
2019-05-22 00:00:00;22,33319458897074
2019-05-23 00:00:00;21,621190476192737
2019-05-24 00:00:00;21,931794871793215
2019-05-25 00:00:00;21,663478260872523
2019-05-26 00:00:00;21,11803921568628
2019-05-27 00:00:00;22,737310414560397
2019-05-28 00:00:00;21,566666666668937
2019-05-29 00:00:00;21,427368421051824
2019-05-30 00:00:00;21,984444444446524
2019-05-31 00:00:00;21,275789473683858
2019-06-01 00:00:00;22,31339869281277
2019-06-02 00:00:00;21,947187500002144
2019-06-02 00:00:01;NaN
2019-06-05 23:59:59;NaN
2019-06-06 00:00:00;22,285350877196038
2019-06-07 00:00:00;21,444166666668593
2019-06-08 00:00:00;21,56324074074132
2019-06-09 00:00:00;22,27245322245369
2019-06-10 00:00:00;22,265882352943436
2019-06-11 00:00:00;22,38137254902091
2019-06-12 00:00:00;22,191666666667686
2019-06-13 00:00:00;22,62580645161262
2019-06-14 00:00:00;22,597647058825828
2019-06-15 00:00:00;22,2940196078477
2019-06-16 00:00:00;21,826354166668807
2019-06-16 00:00:01;NaN
2019-06-18 23:59:59;NaN
2019-06-19 00:00:00;21,55148148148311
2019-06-19 00:00:01;NaN
2019-06-20 23:59:59;NaN
2019-06-21 00:00:00;22,631203703706376
2019-06-21 00:00:01;NaN
2019-06-23 23:59:59;NaN
2019-06-24 00:00:00;22,72093750000073
2019-06-25 00:00:00;21,938859649125618
2019-06-25 00:00:01;NaN
2019-06-27 23:59:59;NaN
2019-06-28 00:00:00;22,6036458333337
2019-06-28 00:00:01;NaN
2019-06-29 23:59:59;NaN
2019-06-30 00:00:00;21,188148148151356
2019-07-01 00:00:00;21,950570032574433
2019-07-01 00:00:01;NaN
2019-07-02 23:59:59;NaN
2019-07-03 00:00:00;22,239803921570967
2019-07-04 00:00:00;21,889479166671663
2019-07-04 00:00:01;NaN
2019-07-07 23:59:59;NaN
2019-07-08 00:00:00;21,582187500004466
2019-07-09 00:00:00;20,78302083333176
2019-07-09 00:00:01;NaN
2019-07-11 23:59:59;NaN
2019-07-12 00:00:00;22,23437500000267
2019-07-13 00:00:00;21,95980861244044
2019-07-14 00:00:00;22,504166666668084
2019-07-15 00:00:00;21,724814814816682
2019-07-16 00:00:00;21,22830558276155
2019-07-16 00:00:01;NaN
2019-07-21 23:59:59;NaN
2019-07-22 00:00:00;23,058958333334488
2019-07-23 00:00:00;22,038055555559026
2019-07-24 00:00:00;22,52879629629666
2019-07-25 00:00:00;20,711759259260646
2019-07-26 00:00:00;21,649561403509892
2019-07-26 00:00:01;NaN
2019-08-03 23:59:59;NaN
2019-08-04 00:00:00;22,314687500002094
2019-08-04 00:00:01;NaN
2019-08-14 23:59:59;NaN
2019-08-15 00:00:00;22,371942446043477
2019-08-16 00:00:00;22,54382352941218
2019-08-17 00:00:00;22,034705882354785
2019-08-17 00:00:01;NaN
2019-09-17 23:59:59;NaN
2019-09-18 00:00:00;21,667037037038824
2019-09-19 00:00:00;21,66902581182387
2019-09-20 00:00:00;20,708472222225453
2019-09-21 00:00:00;21,02924354243595
2019-09-21 00:00:01;NaN
2019-09-22 23:59:59;NaN
2019-09-23 00:00:00;22,147083333333228
2019-09-24 00:00:00;21,082916666669917
2019-09-25 00:00:00;21,17086031452311
2019-09-26 00:00:00;22,141666666666367
2019-09-26 00:00:01;NaN
2019-09-27 23:59:59;NaN
2019-09-28 00:00:00;22,399722222224682
2019-09-29 00:00:00;21,39851851852177
2019-09-30 00:00:00;20,51896869244939
2019-10-01 00:00:00;20,59078947368289
2019-10-02 00:00:00;21,660583333334557
2019-10-03 00:00:00;21,313583333335146
2019-10-04 00:00:00;21,718958333334058
2019-10-05 00:00:00;21,977673935618498
2019-10-06 00:00:00;22,21715686274706
2019-10-07 00:00:00;22,216308593751307
2019-10-08 00:00:00;21,52470588235559
2019-10-09 00:00:00;21,247916666666242
2019-10-10 00:00:00;22,45209397344388
2019-10-11 00:00:00;22,864509803921862
2019-10-11 00:00:01;NaN
2019-10-12 23:59:59;NaN
2019-10-13 00:00:00;21,717777777779474
2019-10-13 00:00:01;NaN
2019-10-14 23:59:59;NaN
2019-10-15 00:00:00;21,565877192984033
2019-10-16 00:00:00;20,5217231897376
2019-10-17 00:00:00;20,922482893450365
2019-10-18 00:00:00;22,004514480412126
2019-10-19 00:00:00;21,047719298247898
2019-10-20 00:00:00;21,026960784314895
2019-10-21 00:00:00;21,83008771929991
2019-10-22 00:00:00;21,200740740742617
2019-10-23 00:00:00;21,748761061948017
2019-10-24 00:00:00;21,267724867727622
2019-10-24 00:00:01;NaN
2020-02-26 23:59:59;NaN
2020-02-27 00:00:00;22,042500000000757
2020-02-27 00:00:01;NaN
2020-03-02 23:59:59;NaN
2020-03-03 00:00:00;22,943333333333214
2020-03-03 00:00:01;NaN
2020-03-06 23:59:59;NaN
2020-03-07 00:00:00;23,74766666666784
2020-03-07 00:00:01;NaN
2020-03-31 23:59:59;NaN
2020-04-01 00:00:00;24,23203058623693
2020-04-01 00:00:01;NaN
2020-04-10 23:59:59;NaN
2020-04-11 00:00:00;25,03014440433293
2020-04-11 00:00:01;NaN
2020-04-13 23:59:59;NaN
2020-04-14 00:00:00;23,969433593749613
2020-04-15 00:00:00;24,217012448131925
2020-04-15 00:00:01;NaN
2024-05-24 23:59:59;NaN
2024-05-25 00:00:00;23,306249999998954
2024-05-26 00:00:00;22,531250000000227
2024-05-26 00:00:01;NaN
2024-05-28 23:59:59;NaN
2024-05-29 00:00:00;22,085714285716392
2024-05-30 00:00:00;21,781249999998067
2024-05-30 00:00:01;NaN
2024-06-03 23:59:59;NaN
2024-06-04 00:00:00;22,54117647058996
2024-06-05 00:00:00;22,67826086956626
2024-06-05 00:00:01;NaN
2024-06-07 23:59:59;NaN
2024-06-08 00:00:00;22,537500000001444
2024-06-09 00:00:00;22,137500000003342
2024-06-10 00:00:00;21,855555555555327
2024-06-10 00:00:01;NaN
2024-06-13 23:59:59;NaN
2024-06-14 00:00:00;21,735294117649232
2024-06-15 00:00:00;21,81304347826125
2024-06-16 00:00:00;21,705000000002485
2024-06-17 00:00:00;21,049999999998533
2024-06-18 00:00:00;21,494444444446117
2024-06-19 00:00:00;21,355000000001326
2024-06-20 00:00:00;22,122222222223172
2024-06-21 00:00:00;22,50624999999951
2024-06-22 00:00:00;21,994117647059625
2024-06-23 00:00:00;22,445454545456982
2024-06-24 00:00:00;21,675000000000978
2024-06-25 00:00:00;20,758823529413633
2024-06-26 00:00:00;21,629411764705765
2024-06-27 00:00:00;21,440909090910793
2024-06-28 00:00:00;21,495000000001085
2024-06-28 00:00:01;NaN
2024-06-29 23:59:59;NaN
2024-06-30 00:00:00;21,540000000002976
2024-06-30 00:00:01;NaN
2024-07-01 23:59:59;NaN
2024-07-02 00:00:00;22,578947368422632
2024-07-02 00:00:01;NaN
2024-07-03 23:59:59;NaN
2024-07-04 00:00:00;21,552631578949615
2024-07-05 00:00:00;20,76521739130476
2024-07-06 00:00:00;20,862500000000807
2024-07-07 00:00:00;22,037500000002296
2024-07-07 00:00:01;NaN
2024-07-22 23:59:59;NaN
2024-07-23 00:00:00;22,066666666665526
2024-07-23 00:00:01;NaN
2024-08-04 23:59:59;NaN
2024-08-05 00:00:00;21,91250000000349
2024-08-06 00:00:00;20,79999999999933
2024-08-07 00:00:00;22,211764705883184
2024-08-07 00:00:01;NaN
2024-08-08 23:59:59;NaN
2024-08-09 00:00:00;22,522222222224286
2024-08-10 00:00:00;22,076470588237214
2024-08-10 00:00:01;NaN
2024-08-11 23:59:59;NaN
2024-08-12 00:00:00;21,538888888891734
2024-08-13 00:00:00;21,717647058822422
2024-08-13 00:00:01;NaN
2024-08-24 23:59:59;NaN
2024-08-25 00:00:00;21,358823529411836
2024-08-26 00:00:00;22,068749999999056
2024-08-26 00:00:01;NaN
2024-09-27 23:59:59;NaN
2024-09-28 00:00:00;20,443478260871416
2024-09-29 00:00:00;20,555555555555486
2024-09-29 00:00:01;NaN
2024-09-30 23:59:59;NaN
2024-10-01 00:00:00;21,640000000001862
2024-10-02 00:00:00;21,400000000003615
2024-10-03 00:00:00;21,06500000000119
2024-10-04 00:00:00;20,377777777778192
2024-10-05 00:00:00;21,8277777777775
2024-10-05 00:00:01;NaN
2024-10-06 23:59:59;NaN
2024-10-07 00:00:00;21,4210526315793
2024-10-08 00:00:00;21,709523809525535
2024-10-09 00:00:00;21,44736842105283
2024-10-10 00:00:00;20,71500000000293
2024-10-11 00:00:00;20,863157894737526
2024-10-11 00:00:01;NaN
2024-10-19 23:59:59;NaN
2024-10-20 00:00:00;21,45263157894948
2024-10-21 00:00:00;21,59375
2024-10-22 00:00:00;22,42499999999984
2024-10-23 00:00:00;22,33684210526485
2024-10-23 00:00:01;NaN
2024-10-27 23:59:59;NaN
2024-10-28 00:00:00;23,10625000000158
2024-10-28 00:00:01;NaN
2024-10-29 23:59:59;NaN
2024-10-30 00:00:00;22,457894736843798
2024-10-31 00:00:00;21,815000000001987
2024-11-01 00:00:00;21,582608695653505
2024-11-02 00:00:00;21,48823529411908
2024-11-03 00:00:00;22,147058823530642
2024-11-04 00:00:00;21,600000000001444
2024-11-05 00:00:00;20,912500000001728
2024-11-05 00:00:01;NaN
2024-11-07 23:59:59;NaN
2024-11-08 00:00:00;21,075000000002035
2024-11-09 00:00:00;21,236842105263236
2024-11-10 00:00:00;21,50000000000034
2024-11-11 00:00:00;21,88499999999999
2024-11-12 00:00:00;22,390000000002203
2024-11-13 00:00:00;22,16666666666646
2024-11-14 00:00:00;22,094736842106556
2024-11-15 00:00:00;20,399999999999977
2024-11-16 00:00:00;22,552173913044385
2024-11-17 00:00:00;22,516666666666254
2024-11-18 00:00:00;22,115789473687585
2024-11-19 00:00:00;21,368181818185064
2024-11-20 00:00:00;21,555000000000064
2024-11-21 00:00:00;21,82380952381061
2024-11-22 00:00:00;22,377777777777112
