#Conjunto de datos Exportar - PRECIPITACION.PT_10_MX_D@26075150;
Sello de tiempo (UTC-05:00);Valor (mm)
2017-01-01 07:00:00;0
2017-01-02 07:00:00;0,01
2017-01-03 07:00:00;0
2017-01-04 07:00:00;0,714
2017-01-05 07:00:00;0
2017-01-06 07:00:00;0,015
2017-01-07 07:00:00;0
2017-01-08 07:00:00;0
2017-01-09 07:00:00;0,26
2017-01-10 07:00:00;1,2429999999999999
2017-01-11 07:00:00;0
2017-01-12 07:00:00;9,251000000000001
2017-01-13 07:00:00;0
2017-01-14 07:00:00;0
2017-01-15 07:00:00;0
2017-01-16 07:00:00;0
2017-01-17 07:00:00;0
2017-01-18 07:00:00;0,018
2017-01-19 07:00:00;7,771000000000001
2017-01-20 07:00:00;15,409
2017-01-21 07:00:00;0,032
2017-01-22 07:00:00;0
2017-01-23 07:00:00;0
2017-01-24 07:00:00;0
2017-01-25 07:00:00;0
2017-01-26 07:00:00;0
2017-01-27 07:00:00;0
2017-01-28 07:00:00;0
2017-01-29 07:00:00;0
2017-01-30 07:00:00;0
2017-01-31 07:00:00;0
2017-02-01 07:00:00;0
2017-02-02 07:00:00;4,811
2017-02-03 07:00:00;0
2017-02-04 07:00:00;0
2017-02-05 07:00:00;0
2017-02-06 07:00:00;0
2017-02-07 07:00:00;0
2017-02-08 07:00:00;0
2017-02-09 07:00:00;0
2017-02-10 07:00:00;2,4439999999999995
2017-02-11 07:00:00;0,011
2017-02-12 07:00:00;0,067
2017-02-13 07:00:00;0,09
2017-02-14 07:00:00;0,068
2017-02-15 07:00:00;0
2017-02-16 07:00:00;0
2017-02-17 07:00:00;0
2017-02-18 07:00:00;0
2017-02-19 07:00:00;0
2017-02-20 07:00:00;4,944
2017-02-21 07:00:00;0,027
2017-02-22 07:00:00;0
2017-02-23 07:00:00;0,061
2017-02-24 07:00:00;0
2017-02-25 07:00:00;0
2017-02-26 07:00:00;0
2017-02-27 07:00:00;0,06
2017-02-28 07:00:00;0,907
2017-03-01 07:00:00;1,376
2017-03-02 07:00:00;0,066
2017-03-03 07:00:00;0
2017-03-04 07:00:00;0,256
2017-03-05 07:00:00;0
2017-03-06 07:00:00;0
2017-03-07 07:00:00;9,427
2017-03-08 07:00:00;25,032
2017-03-09 07:00:00;3,878
2017-03-10 07:00:00;7,138
2017-03-11 07:00:00;0,331
2017-03-12 07:00:00;4,857
2017-03-13 07:00:00;0,5780000000000001
2017-03-14 07:00:00;8,98
2017-03-15 07:00:00;5,0489999999999995
2017-03-16 07:00:00;1,048
2017-03-17 07:00:00;0
2017-03-18 07:00:00;0,529
2017-03-19 07:00:00;2,8890000000000002
2017-03-20 07:00:00;0,28700000000000003
2017-03-21 07:00:00;0,618
2017-03-22 07:00:00;0,016
2017-03-23 07:00:00;7,901999999999999
2017-03-24 07:00:00;2,642
2017-03-25 07:00:00;0,046
2017-03-26 07:00:00;2,564
2017-03-27 07:00:00;5,63
2017-03-28 07:00:00;0,004
2017-03-29 07:00:00;0
2017-03-30 07:00:00;2,181
2017-03-31 07:00:00;8,313
2017-04-01 07:00:00;1,791
2017-04-02 07:00:00;0,10800000000000001
2017-04-03 07:00:00;0
2017-04-04 07:00:00;0
2017-04-05 07:00:00;0
2017-04-06 07:00:00;0
2017-04-07 07:00:00;0
2017-04-08 07:00:00;0
2017-04-09 07:00:00;3,891
2017-04-10 07:00:00;1,4689999999999999
2017-04-11 07:00:00;0,079
2017-04-12 07:00:00;1,3039999999999998
2017-04-13 07:00:00;0,045
2017-04-14 07:00:00;17,805
2017-04-15 07:00:00;1,641
2017-04-16 07:00:00;0,029
2017-04-17 07:00:00;4,099
2017-04-18 07:00:00;2,969
2017-04-19 07:00:00;2,861
2017-04-20 07:00:00;1,7209999999999999
2017-04-21 07:00:00;10,690000000000001
2017-04-22 07:00:00;0,03900000000000001
2017-04-23 07:00:00;0,005
2017-04-24 07:00:00;0,133
2017-04-25 07:00:00;0
2017-04-26 07:00:00;2,9679999999999995
2017-04-27 07:00:00;1,089
2017-04-28 07:00:00;0,005
2017-04-29 07:00:00;0,8250000000000001
2017-04-30 07:00:00;3,5959999999999996
2017-05-01 07:00:00;22,115999999999996
2017-05-02 07:00:00;6,787999999999999
2017-05-03 07:00:00;0,025
2017-05-04 07:00:00;0,08399999999999999
2017-05-05 07:00:00;2,781
2017-05-06 07:00:00;3,734
2017-05-07 07:00:00;0,7360000000000001
2017-05-08 07:00:00;0,541
2017-05-09 07:00:00;1,2209999999999999
2017-05-10 07:00:00;3,807
2017-05-11 07:00:00;3,817
2017-05-12 07:00:00;0
2017-05-13 07:00:00;0
2017-05-14 07:00:00;0
2017-05-15 07:00:00;0
2017-05-16 07:00:00;0
2017-05-17 07:00:00;0
2017-05-18 07:00:00;0
2017-05-19 07:00:00;0
2017-05-20 07:00:00;0
2017-05-21 07:00:00;0
2017-05-22 07:00:00;0
2017-05-23 07:00:00;0
2017-05-24 07:00:00;0
2017-05-25 07:00:00;0
2017-05-26 07:00:00;0
2017-05-27 07:00:00;0
2017-05-28 07:00:00;0
2017-05-29 07:00:00;0
2017-05-30 07:00:00;0
2017-05-31 07:00:00;0
2017-06-01 07:00:00;0
2017-06-02 07:00:00;0
2017-06-03 07:00:00;0
2017-06-04 07:00:00;0
2017-06-05 07:00:00;0
2017-06-06 07:00:00;0
2017-06-07 07:00:00;0
2017-06-08 07:00:00;0
2017-06-09 07:00:00;0
2017-06-10 07:00:00;0
2017-06-11 07:00:00;0
2017-06-12 07:00:00;0
2017-06-13 07:00:00;0
2017-06-14 07:00:00;0
2017-06-15 07:00:00;0
2017-06-16 07:00:00;0
2017-06-17 07:00:00;0
2017-06-18 07:00:00;0
2017-06-19 07:00:00;0
2017-06-20 07:00:00;0
2017-06-21 07:00:00;0
2017-06-22 07:00:00;0
2017-06-23 07:00:00;0
2017-06-24 07:00:00;0
2017-06-25 07:00:00;0
2017-06-26 07:00:00;0
2017-06-27 07:00:00;0
2017-06-28 07:00:00;0
2017-06-29 07:00:00;0
2017-06-30 07:00:00;0
2017-07-01 07:00:00;0
2017-07-02 07:00:00;0
2017-07-03 07:00:00;0
2017-07-04 07:00:00;0
2017-07-05 07:00:00;0
2017-07-06 07:00:00;0
2017-07-07 07:00:00;0
2017-07-08 07:00:00;0
2017-07-09 07:00:00;0
2017-07-10 07:00:00;0
2017-07-11 07:00:00;0
2017-07-12 07:00:00;0
2017-07-13 07:00:00;0
2017-07-14 07:00:00;0
2017-07-15 07:00:00;0
2017-07-16 07:00:00;0
2017-07-17 07:00:00;0
2017-07-18 07:00:00;0
2017-07-19 07:00:00;0
2017-07-20 07:00:00;0
2017-07-21 07:00:00;0
2017-07-22 07:00:00;0
2017-07-23 07:00:00;0
2017-07-24 07:00:00;0
2017-07-25 07:00:00;0
2017-07-26 07:00:00;0
2017-07-27 07:00:00;0
2017-07-28 07:00:00;0
2017-07-29 07:00:00;0
2017-07-30 07:00:00;0
2017-07-31 07:00:00;0
2017-08-01 07:00:00;0
2017-08-02 07:00:00;0
2017-08-03 07:00:00;0
2017-08-04 07:00:00;0
2017-08-05 07:00:00;0
2017-08-06 07:00:00;0
2017-08-07 07:00:00;0
2017-08-08 07:00:00;0
2017-08-09 07:00:00;0
2017-08-10 07:00:00;0
2017-08-11 07:00:00;0
2017-08-12 07:00:00;0
2017-08-13 07:00:00;0
2017-08-14 07:00:00;0
2017-08-15 07:00:00;0
2017-08-16 07:00:00;0
2017-08-17 07:00:00;0
2017-08-18 07:00:00;0
2017-08-19 07:00:00;0
2017-08-20 07:00:00;0
2017-08-21 07:00:00;0
2017-08-22 07:00:00;0
2017-08-23 07:00:00;0
2017-08-24 07:00:00;0
2017-08-25 07:00:00;0
2017-08-26 07:00:00;0
2017-08-27 07:00:00;0
2017-08-28 07:00:00;0
2017-08-29 07:00:00;0
2017-08-30 07:00:00;0
2017-08-31 07:00:00;0
2017-09-01 07:00:00;0
2017-09-02 07:00:00;0
2017-09-03 07:00:00;0
2017-09-04 07:00:00;0
2017-09-05 07:00:00;0
2017-09-06 07:00:00;0
2017-09-07 07:00:00;0
2017-09-08 07:00:00;0
2017-09-09 07:00:00;0
2017-09-10 07:00:00;0
2017-09-11 07:00:00;0
2017-09-12 07:00:00;0
2017-09-13 07:00:00;0
2017-09-14 07:00:00;0
2017-09-15 07:00:00;0
2017-09-16 07:00:00;0,338
2017-09-17 07:00:00;0
2017-09-18 07:00:00;0
2017-09-19 07:00:00;13,072999999999999
2017-09-20 07:00:00;0,005
2017-09-21 07:00:00;0
2017-09-22 07:00:00;0
2017-09-23 07:00:00;0
2017-09-24 07:00:00;0,325
2017-09-25 07:00:00;3,038
2017-09-26 07:00:00;0,155
2017-09-27 07:00:00;0
2017-09-28 07:00:00;0
2017-09-29 07:00:00;1,0050000000000001
2017-09-30 07:00:00;6,191
2017-10-01 07:00:00;10,443999999999999
2017-10-02 07:00:00;0
2017-10-03 07:00:00;3,1109999999999998
2017-10-04 07:00:00;3,028
2017-10-05 07:00:00;3,1449999999999996
2017-10-06 07:00:00;0,021
2017-10-07 07:00:00;0,21899999999999997
2017-10-08 07:00:00;0,129
2017-10-09 07:00:00;0,535
2017-10-10 07:00:00;0,029
2017-10-11 07:00:00;3,3770000000000007
2017-10-12 07:00:00;1,2850000000000001
2017-10-13 07:00:00;0
2017-10-14 07:00:00;0,766
2017-10-15 07:00:00;0,005
2017-10-16 07:00:00;0
2017-10-17 07:00:00;0
2017-10-18 07:00:00;0
2017-10-19 07:00:00;0,038
2017-10-20 07:00:00;0
2017-10-21 07:00:00;0
2017-10-22 07:00:00;0,262
2017-10-23 07:00:00;8,587
2017-10-24 07:00:00;7,81
2017-10-25 07:00:00;0,6910000000000001
2017-10-26 07:00:00;7,104000000000001
2017-10-27 07:00:00;0,018
2017-10-28 07:00:00;16,324
2017-10-29 07:00:00;2,505
2017-10-30 07:00:00;0
2017-10-31 07:00:00;0,064
2017-11-01 07:00:00;0
2017-11-02 07:00:00;0,512
2017-11-03 07:00:00;0,005
2017-11-04 07:00:00;7,797
2017-11-05 07:00:00;0,006
2017-11-06 07:00:00;0
2017-11-07 07:00:00;0
2017-11-08 07:00:00;0
2017-11-09 07:00:00;0
2017-11-10 07:00:00;0
2017-11-11 07:00:00;0
2017-11-12 07:00:00;0,064
2017-11-13 07:00:00;0
2017-11-14 07:00:00;0,5680000000000001
2017-11-15 07:00:00;20,555
2017-11-16 07:00:00;0,521
2017-11-17 07:00:00;2,5479999999999996
2017-11-18 07:00:00;0,022
2017-11-19 07:00:00;0
2017-11-20 07:00:00;4,623
2017-11-21 07:00:00;0,049
2017-11-22 07:00:00;0,015
2017-11-23 07:00:00;0
2017-11-24 07:00:00;0,154
2017-11-25 07:00:00;0,046
2017-11-26 07:00:00;0
2017-11-27 07:00:00;0
2017-11-28 07:00:00;0
2017-11-29 07:00:00;0
2017-11-30 07:00:00;0
2017-12-01 07:00:00;0
2017-12-02 07:00:00;0
2017-12-03 07:00:00;0
2017-12-04 07:00:00;0
2017-12-05 07:00:00;0
2017-12-06 07:00:00;0,004
2017-12-07 07:00:00;0
2017-12-08 07:00:00;0
2017-12-09 07:00:00;3,662
2017-12-10 07:00:00;1,2819999999999998
2017-12-11 07:00:00;1,8470000000000002
2017-12-12 07:00:00;2,005
2017-12-13 07:00:00;0,763
2017-12-14 07:00:00;0,018
2017-12-15 07:00:00;0
2017-12-16 07:00:00;0
2017-12-17 07:00:00;0
2017-12-18 07:00:00;0
2017-12-19 07:00:00;0
2017-12-20 07:00:00;0
2017-12-21 07:00:00;0
2017-12-22 07:00:00;0
2017-12-23 07:00:00;0
2017-12-24 07:00:00;0
2017-12-25 07:00:00;2,8110000000000004
2017-12-26 07:00:00;2,491
2017-12-27 07:00:00;0,348
2017-12-28 07:00:00;5,6370000000000005
2017-12-29 07:00:00;3,206
2017-12-30 07:00:00;2,471
2017-12-31 07:00:00;0,334
2018-01-01 07:00:00;0,534
2018-01-02 07:00:00;14,834999999999999
2018-01-03 07:00:00;0,175
2018-01-04 07:00:00;1,5670000000000002
2018-01-05 07:00:00;0
2018-01-06 07:00:00;0,025
2018-01-07 07:00:00;0,243
2018-01-08 07:00:00;1,693
2018-01-09 07:00:00;0,42100000000000004
2018-01-10 07:00:00;1,716
2018-01-11 07:00:00;0,018000000000000002
2018-01-12 07:00:00;0
2018-01-13 07:00:00;0
2018-01-14 07:00:00;1,714
2018-01-15 07:00:00;2,4
2018-01-16 07:00:00;7,832
2018-01-17 07:00:00;2,829
2018-01-18 07:00:00;0,033
2018-01-19 07:00:00;0
2018-01-20 07:00:00;0
2018-01-21 07:00:00;0
2018-01-22 07:00:00;0
2018-01-23 07:00:00;0,183
2018-01-24 07:00:00;0
2018-01-25 07:00:00;0
2018-01-26 07:00:00;0
2018-01-27 07:00:00;0
2018-01-28 07:00:00;0
2018-01-29 07:00:00;0
2018-01-30 07:00:00;0
2018-01-31 07:00:00;0
2018-02-01 07:00:00;0
2018-02-02 07:00:00;0,771
2018-02-03 07:00:00;0,131
2018-02-04 07:00:00;0
2018-02-05 07:00:00;0
2018-02-06 07:00:00;0
2018-02-07 07:00:00;0
2018-02-08 07:00:00;0
2018-02-09 07:00:00;0
2018-02-10 07:00:00;0,515
2018-02-11 07:00:00;0,014
2018-02-12 07:00:00;0,011
2018-02-13 07:00:00;0
2018-02-14 07:00:00;0,20299999999999999
2018-02-15 07:00:00;8,463
2018-02-16 07:00:00;0,27
2018-02-17 07:00:00;0
2018-02-18 07:00:00;19,534
2018-02-19 07:00:00;15,09
2018-02-20 07:00:00;0,031
2018-02-21 07:00:00;2,0109999999999997
2018-02-22 07:00:00;0,006
2018-02-23 07:00:00;0
2018-02-24 07:00:00;0,015
2018-02-25 07:00:00;1,03
2018-02-26 07:00:00;0,035
2018-02-27 07:00:00;0
2018-02-28 07:00:00;0
2018-03-01 07:00:00;0
2018-03-02 07:00:00;0,46499999999999997
2018-03-03 07:00:00;0,005
2018-03-04 07:00:00;0
2018-03-05 07:00:00;0
2018-03-06 07:00:00;0,033
2018-03-07 07:00:00;5,895
2018-03-08 07:00:00;1,139
2018-03-09 07:00:00;0,034999999999999996
2018-03-10 07:00:00;0
2018-03-11 07:00:00;0
2018-03-12 07:00:00;0
2018-03-13 07:00:00;0
2018-03-14 07:00:00;0
2018-03-15 07:00:00;0
2018-03-16 07:00:00;0
2018-03-17 07:00:00;0
2018-03-18 07:00:00;5,887
2018-03-19 07:00:00;0,227
2018-03-20 07:00:00;0,305
2018-03-21 07:00:00;0,786
2018-03-22 07:00:00;0,092
2018-03-23 07:00:00;0,073
2018-03-24 07:00:00;4,13
2018-03-25 07:00:00;0,024
2018-03-26 07:00:00;0
2018-03-27 07:00:00;0
2018-03-28 07:00:00;0
2018-03-29 07:00:00;0
2018-03-30 07:00:00;0,621
2018-03-31 07:00:00;9,259000000000002
2018-04-01 07:00:00;0,9589999999999999
2018-04-02 07:00:00;12,805
2018-04-03 07:00:00;3,649
2018-04-04 07:00:00;1,2309999999999997
2018-04-05 07:00:00;2,2119999999999997
2018-04-06 07:00:00;8,046000000000001
2018-04-07 07:00:00;0,042
2018-04-08 07:00:00;0
2018-04-09 07:00:00;0
2018-04-10 07:00:00;8,746
2018-04-11 07:00:00;0,9840000000000001
2018-04-12 07:00:00;0,35
2018-04-13 07:00:00;0,392
2018-04-14 07:00:00;3,417
2018-04-15 07:00:00;0
2018-04-16 07:00:00;0
2018-04-17 07:00:00;0,501
2018-04-18 07:00:00;0,014
2018-04-19 07:00:00;0
2018-04-20 07:00:00;0
2018-04-21 07:00:00;0,005
2018-04-22 07:00:00;0
2018-04-23 07:00:00;0
2018-04-24 07:00:00;0,008
2018-04-25 07:00:00;0
2018-04-26 07:00:00;0
2018-04-27 07:00:00;0
2018-04-28 07:00:00;0,018
2018-04-29 07:00:00;0
2018-04-30 07:00:00;0
2018-05-01 07:00:00;0
2018-05-02 07:00:00;0
2018-05-03 07:00:00;0
2018-05-04 07:00:00;0
2018-05-05 07:00:00;0
2018-05-06 07:00:00;0
2018-05-07 07:00:00;0,767
2018-05-08 07:00:00;0,12300000000000001
2018-05-09 07:00:00;0
2018-05-10 07:00:00;1,3800000000000001
2018-05-11 07:00:00;0
2018-05-12 07:00:00;0
2018-05-13 07:00:00;0,012
2018-05-14 07:00:00;0,128
2018-05-15 07:00:00;1,481
2018-05-16 07:00:00;0,023
2018-05-17 07:00:00;0
2018-05-18 07:00:00;0
2018-05-19 07:00:00;0,016
2018-05-20 07:00:00;0,035
2018-05-21 07:00:00;0
2018-05-22 07:00:00;0
2018-05-23 07:00:00;0
2018-05-24 07:00:00;0
2018-05-25 07:00:00;3,359
2018-05-26 07:00:00;1,9980000000000002
2018-05-27 07:00:00;0,396
2018-05-28 07:00:00;4,66
2018-05-29 07:00:00;0,023000000000000003
2018-05-30 07:00:00;3,0380000000000003
2018-05-31 07:00:00;0,637
2018-06-01 07:00:00;0,10299999999999998
2018-06-02 07:00:00;0,31400000000000006
2018-06-03 07:00:00;0,053000000000000005
2018-06-04 07:00:00;0
2018-06-05 07:00:00;0,44
2018-06-06 07:00:00;0,041
2018-06-07 07:00:00;0
2018-06-08 07:00:00;0,041
2018-06-09 07:00:00;0
2018-06-10 07:00:00;0
2018-06-11 07:00:00;0,614
2018-06-12 07:00:00;0,16
2018-06-13 07:00:00;0
2018-06-14 07:00:00;1,184
2018-06-15 07:00:00;0
2018-06-16 07:00:00;0,405
2018-06-17 07:00:00;0,025
2018-06-18 07:00:00;0
2018-06-19 07:00:00;0
2018-06-20 07:00:00;0,096
2018-06-21 07:00:00;0
2018-06-22 07:00:00;0,022
2018-06-23 07:00:00;0
2018-06-24 07:00:00;0,038
2018-06-25 07:00:00;0
2018-06-26 07:00:00;0
2018-06-27 07:00:00;0,29000000000000004
2018-06-28 07:00:00;1,961
2018-06-29 07:00:00;0,009000000000000001
2018-06-30 07:00:00;0,043
2018-07-01 07:00:00;0,452
2018-07-02 07:00:00;0,011
2018-07-03 07:00:00;0
2018-07-04 07:00:00;0
2018-07-05 07:00:00;0
2018-07-06 07:00:00;0
2018-07-07 07:00:00;0
2018-07-08 07:00:00;0
2018-07-09 07:00:00;0
2018-07-10 07:00:00;0
2018-07-11 07:00:00;0,027999999999999997
2018-07-12 07:00:00;0
2018-07-13 07:00:00;0
2018-07-14 07:00:00;0
2018-07-15 07:00:00;0
2018-07-16 07:00:00;0
2018-07-17 07:00:00;0
2018-07-18 07:00:00;0
2018-07-19 07:00:00;0
2018-07-20 07:00:00;0
2018-07-21 07:00:00;0
2018-07-22 07:00:00;0
2018-07-23 07:00:00;0
2018-07-24 07:00:00;0
2018-07-25 07:00:00;0,037
2018-07-26 07:00:00;0,013000000000000001
2018-07-27 07:00:00;0
2018-07-28 07:00:00;0
2018-07-29 07:00:00;0
2018-07-30 07:00:00;0
2018-07-31 07:00:00;3,2140000000000004
2018-08-01 07:00:00;0,23399999999999999
2018-08-02 07:00:00;0
2018-08-03 07:00:00;0
2018-08-04 07:00:00;0
2018-08-05 07:00:00;0,064
2018-08-06 07:00:00;0
2018-08-07 07:00:00;0
2018-08-08 07:00:00;0
2018-08-09 07:00:00;0
2018-08-10 07:00:00;0
2018-08-11 07:00:00;0
2018-08-12 07:00:00;0
2018-08-13 07:00:00;0
2018-08-14 07:00:00;0
2018-08-15 07:00:00;0
2018-08-16 07:00:00;0
2018-08-17 07:00:00;0
2018-08-18 07:00:00;0
2018-08-19 07:00:00;0
2018-08-20 07:00:00;0
2018-08-21 07:00:00;0
2018-08-22 07:00:00;0
2018-08-23 07:00:00;0
2018-08-24 07:00:00;0,009
2018-08-25 07:00:00;0
2018-08-26 07:00:00;0
2018-08-27 07:00:00;0,152
2018-08-28 07:00:00;0
2018-08-29 07:00:00;3,1500000000000004
2018-08-30 07:00:00;0,01
2018-08-31 07:00:00;0
2018-09-01 07:00:00;0
2018-09-02 07:00:00;0
2018-09-03 07:00:00;5,375
2018-09-04 07:00:00;0
2018-09-05 07:00:00;0
2018-09-06 07:00:00;0
2018-09-07 07:00:00;0
2018-09-08 07:00:00;0
2018-09-09 07:00:00;0
2018-09-10 07:00:00;0
2018-09-11 07:00:00;0
2018-09-12 07:00:00;0
2018-09-13 07:00:00;0
2018-09-14 07:00:00;0
2018-09-15 07:00:00;0
2018-09-16 07:00:00;0
2018-09-17 07:00:00;0
2018-09-18 07:00:00;0
2018-09-19 07:00:00;0
2018-09-20 07:00:00;0
2018-09-21 07:00:00;0
2018-09-22 07:00:00;0
2018-09-23 07:00:00;0
2018-09-24 07:00:00;0
2018-09-25 07:00:00;0
2018-09-26 07:00:00;0
2018-09-27 07:00:00;0
2018-09-28 07:00:00;0
2018-09-29 07:00:00;0
2018-09-30 07:00:00;0
2018-10-01 07:00:00;0
2018-10-02 07:00:00;0
2018-10-03 07:00:00;0
2018-10-04 07:00:00;0
2018-10-05 07:00:00;0
2018-10-06 07:00:00;0
2018-10-07 07:00:00;0
2018-10-08 07:00:00;0
2018-10-09 07:00:00;0
2018-10-10 07:00:00;0
2018-10-11 07:00:00;0
2018-10-12 07:00:00;0
2018-10-13 07:00:00;0
2018-10-14 07:00:00;0
2018-10-15 07:00:00;0
2018-10-16 07:00:00;0
2018-10-17 07:00:00;0
2018-10-18 07:00:00;0
2018-10-19 07:00:00;0
2018-10-20 07:00:00;0
2018-10-21 07:00:00;0
2018-10-22 07:00:00;0
2018-10-23 07:00:00;0
2018-10-24 07:00:00;0
2018-10-25 07:00:00;0
2018-10-26 07:00:00;0
2018-10-27 07:00:00;0
2018-10-28 07:00:00;0
2018-10-29 07:00:00;0
2018-10-30 07:00:00;0
2018-10-31 07:00:00;0
2018-11-01 07:00:00;0
2018-11-02 07:00:00;0
2018-11-03 07:00:00;0
2018-11-04 07:00:00;0
2018-11-05 07:00:00;0
2018-11-06 07:00:00;0
2018-11-07 07:00:00;0
2018-11-08 07:00:00;0
2018-11-09 07:00:00;0
2018-11-10 07:00:00;0
2018-11-11 07:00:00;0
2018-11-12 07:00:00;0
2018-11-13 07:00:00;0
2018-11-14 07:00:00;0
2018-11-15 07:00:00;0
2018-11-16 07:00:00;0
2018-11-17 07:00:00;0
2018-11-18 07:00:00;0
2018-11-19 07:00:00;0
2018-11-20 07:00:00;0
2018-11-21 07:00:00;0
2018-11-22 07:00:00;0
2018-11-23 07:00:00;0
2018-11-24 07:00:00;0
2018-11-25 07:00:00;0
2018-11-26 07:00:00;0
2018-11-27 07:00:00;0
2018-11-28 07:00:00;0
2018-11-29 07:00:00;0
2018-11-30 07:00:00;0
2018-12-01 07:00:00;0
2018-12-02 07:00:00;0
2018-12-03 07:00:00;0
2018-12-04 07:00:00;0
2018-12-05 07:00:00;0
2018-12-06 07:00:00;0
2018-12-07 07:00:00;0
2018-12-08 07:00:00;0
2018-12-09 07:00:00;0
2018-12-10 07:00:00;0
2018-12-11 07:00:00;0
2018-12-12 07:00:00;0
2018-12-13 07:00:00;11,146000000000003
2018-12-14 07:00:00;0,028
2018-12-15 07:00:00;0,231
2018-12-16 07:00:00;0,004
2018-12-17 07:00:00;0
2018-12-18 07:00:00;0
2018-12-19 07:00:00;0
2018-12-20 07:00:00;0,133
2018-12-21 07:00:00;0
2018-12-22 07:00:00;0
2018-12-23 07:00:00;0
2018-12-24 07:00:00;0
2018-12-25 07:00:00;0,24100000000000002
2018-12-26 07:00:00;0
2018-12-27 07:00:00;0
2018-12-28 07:00:00;0
2018-12-29 07:00:00;0
2018-12-30 07:00:00;0,004
2018-12-31 07:00:00;0
2019-01-01 07:00:00;0
2019-01-02 07:00:00;0
2019-01-03 07:00:00;0
2019-01-04 07:00:00;0
2019-01-05 07:00:00;0
2019-01-06 07:00:00;0
2019-01-07 07:00:00;0
2019-01-08 07:00:00;0
2019-01-09 07:00:00;0
2019-01-10 07:00:00;0,09399999999999999
2019-01-11 07:00:00;0,09499999999999999
2019-01-12 07:00:00;0
2019-01-13 07:00:00;0
2019-01-14 07:00:00;0,307
2019-01-15 07:00:00;0
2019-01-16 07:00:00;0
2019-01-17 07:00:00;0
2019-01-18 07:00:00;0
2019-01-19 07:00:00;0
2019-01-20 07:00:00;0,11199999999999999
2019-01-21 07:00:00;0
2019-01-22 07:00:00;0,009
2019-01-23 07:00:00;0,004
2019-01-24 07:00:00;0
2019-01-25 07:00:00;0
2019-01-26 07:00:00;0
2019-01-27 07:00:00;0
2019-01-28 07:00:00;0
2019-01-29 07:00:00;0,622
2019-01-30 07:00:00;0,008
2019-01-31 07:00:00;0
2019-02-01 07:00:00;0
2019-02-02 07:00:00;0,19699999999999998
2019-02-03 07:00:00;0
2019-02-04 07:00:00;0
2019-02-05 07:00:00;0
2019-02-06 07:00:00;0
2019-02-07 07:00:00;0,09899999999999999
2019-02-08 07:00:00;4,181
2019-02-09 07:00:00;1,0919999999999999
2019-02-10 07:00:00;0,005
2019-02-11 07:00:00;0
2019-02-12 07:00:00;0
2019-02-13 07:00:00;0
2019-02-14 07:00:00;0
2019-02-15 07:00:00;0
2019-02-16 07:00:00;0
2019-02-17 07:00:00;0
2019-02-18 07:00:00;0,472
2019-02-19 07:00:00;0
2019-02-20 07:00:00;0,14200000000000002
2019-02-21 07:00:00;0,403
2019-02-22 07:00:00;0,007
2019-02-23 07:00:00;2,504
2019-02-24 07:00:00;0,201
2019-02-25 07:00:00;0,113
2019-02-26 07:00:00;0
2019-02-27 07:00:00;0
2019-02-28 07:00:00;1,514
2019-03-01 07:00:00;0,22200000000000003
2019-03-02 07:00:00;0,23500000000000001
2019-03-03 07:00:00;0
2019-03-04 07:00:00;0
2019-03-05 07:00:00;0,834
2019-03-06 07:00:00;0
2019-03-07 07:00:00;0,7110000000000001
2019-03-08 07:00:00;0,026000000000000002
2019-03-09 07:00:00;0
2019-03-10 07:00:00;0
2019-03-11 07:00:00;0
2019-03-12 07:00:00;0
2019-03-13 07:00:00;1,3549999999999998
2019-03-14 07:00:00;0
2019-03-15 07:00:00;1,1069999999999998
2019-03-16 07:00:00;0
2019-03-17 07:00:00;0
2019-03-18 07:00:00;0
2019-03-19 07:00:00;0,037
2019-03-20 07:00:00;1,672
2019-03-21 07:00:00;0,009
2019-03-22 07:00:00;0
2019-03-23 07:00:00;0,045
2019-03-24 07:00:00;0,05499999999999999
2019-03-25 07:00:00;0,463
2019-03-26 07:00:00;0
2019-03-27 07:00:00;0,005
2019-03-28 07:00:00;0
2019-03-29 07:00:00;20,084
2019-03-30 07:00:00;4,393
2019-03-31 07:00:00;0
2019-04-01 07:00:00;3,056
2019-04-02 07:00:00;2,33
2019-04-03 07:00:00;0,018000000000000002
2019-04-04 07:00:00;2,403
2019-04-05 07:00:00;18,998999999999995
2019-04-06 07:00:00;5,365
2019-04-07 07:00:00;1,281
2019-04-08 07:00:00;0,013
2019-04-09 07:00:00;0,058
2019-04-10 07:00:00;0,023
2019-04-11 07:00:00;0,225
2019-04-12 07:00:00;15,593
2019-04-13 07:00:00;0,019
2019-04-14 07:00:00;0,25
2019-04-15 07:00:00;18,203
2019-04-16 07:00:00;0,443
2019-04-17 07:00:00;1,8490000000000002
2019-04-18 07:00:00;5,601
2019-04-19 07:00:00;1,6529999999999998
2019-04-20 07:00:00;0,311
2019-04-21 07:00:00;22,082
2019-04-22 07:00:00;13,802999999999999
2019-04-23 07:00:00;3,455
2019-04-24 07:00:00;0,09599999999999999
2019-04-25 07:00:00;0
2019-04-26 07:00:00;0
2019-04-27 07:00:00;2,225
2019-04-28 07:00:00;0,035
2019-04-29 07:00:00;0
2019-04-30 07:00:00;0
2019-05-01 07:00:00;0
2019-05-02 07:00:00;0
2019-05-03 07:00:00;0
2019-05-04 07:00:00;0
2019-05-05 07:00:00;0
2019-05-06 07:00:00;0,787
2019-05-07 07:00:00;0,005
2019-05-08 07:00:00;3,6470000000000002
2019-05-09 07:00:00;2,339
2019-05-10 07:00:00;7,128999999999999
2019-05-11 07:00:00;0,044
2019-05-12 07:00:00;0
2019-05-13 07:00:00;0
2019-05-14 07:00:00;0,654
2019-05-15 07:00:00;0,521
2019-05-16 07:00:00;0
2019-05-17 07:00:00;3,4020000000000006
2019-05-18 07:00:00;16,615000000000002
2019-05-19 07:00:00;2,541
2019-05-20 07:00:00;0,881
2019-05-21 07:00:00;0
2019-05-22 07:00:00;1,617
2019-05-23 07:00:00;0,128
2019-05-24 07:00:00;10,517
2019-05-25 07:00:00;0,7230000000000001
2019-05-26 07:00:00;2,723
2019-05-27 07:00:00;0,034999999999999996
2019-05-28 07:00:00;0
2019-05-29 07:00:00;1,4929999999999999
2019-05-30 07:00:00;2,6289999999999996
2019-05-31 07:00:00;3,4779999999999993
2019-06-01 07:00:00;0,132
2019-06-02 07:00:00;0,069
2019-06-03 07:00:00;0,006
2019-06-04 07:00:00;0,005
2019-06-05 07:00:00;0
2019-06-06 07:00:00;6,001
2019-06-07 07:00:00;1,495
2019-06-08 07:00:00;0,65
2019-06-09 07:00:00;0,005
2019-06-10 07:00:00;0,027
2019-06-11 07:00:00;4,031
2019-06-12 07:00:00;1,053
2019-06-13 07:00:00;0,801
2019-06-14 07:00:00;6,482
2019-06-15 07:00:00;0,02
2019-06-16 07:00:00;0,19799999999999998
2019-06-17 07:00:00;0,005
2019-06-18 07:00:00;0
2019-06-19 07:00:00;0
2019-06-20 07:00:00;0
2019-06-21 07:00:00;0
2019-06-22 07:00:00;0
2019-06-23 07:00:00;0
2019-06-24 07:00:00;0
2019-06-25 07:00:00;0,9940000000000001
2019-06-26 07:00:00;0,036
2019-06-27 07:00:00;0
2019-06-28 07:00:00;0
2019-06-29 07:00:00;0
2019-06-30 07:00:00;0
2019-07-01 07:00:00;0,702
2019-07-02 07:00:00;0,111
2019-07-03 07:00:00;0
2019-07-04 07:00:00;0
2019-07-05 07:00:00;0
2019-07-06 07:00:00;0,501
2019-07-07 07:00:00;0,005
2019-07-08 07:00:00;0
2019-07-09 07:00:00;0
2019-07-10 07:00:00;0
2019-07-11 07:00:00;0
2019-07-12 07:00:00;0,004
2019-07-13 07:00:00;0
2019-07-14 07:00:00;0,14900000000000002
2019-07-15 07:00:00;0,175
2019-07-16 07:00:00;0,022
2019-07-17 07:00:00;0,007
2019-07-18 07:00:00;0
2019-07-19 07:00:00;0,005
2019-07-20 07:00:00;0
2019-07-21 07:00:00;0,01
2019-07-22 07:00:00;0
2019-07-23 07:00:00;0,8690000000000001
2019-07-24 07:00:00;2,7020000000000004
2019-07-25 07:00:00;0,315
2019-07-26 07:00:00;3,8080000000000003
2019-07-27 07:00:00;0,047999999999999994
2019-07-28 07:00:00;0,045
2019-07-29 07:00:00;0
2019-07-30 07:00:00;0
2019-07-31 07:00:00;0,008
2019-08-01 07:00:00;0,016
2019-08-02 07:00:00;0
2019-08-03 07:00:00;0,587
2019-08-04 07:00:00;0,096
2019-08-05 07:00:00;0,006
2019-08-06 07:00:00;0,011
2019-08-07 07:00:00;0,013
2019-08-08 07:00:00;0,015
2019-08-09 07:00:00;0,015
2019-08-10 07:00:00;0,005
2019-08-11 07:00:00;0,009
2019-08-12 07:00:00;0,526
2019-08-13 07:00:00;0
2019-08-14 07:00:00;0
2019-08-15 07:00:00;0
2019-08-16 07:00:00;0
2019-08-17 07:00:00;0,006
2019-08-18 07:00:00;0
2019-08-19 07:00:00;0
2019-08-20 07:00:00;0
2019-08-21 07:00:00;0
2019-08-22 07:00:00;0
2019-08-23 07:00:00;0
2019-08-24 07:00:00;0
2019-08-25 07:00:00;0
2019-08-26 07:00:00;0
2019-08-27 07:00:00;0
2019-08-28 07:00:00;0,303
2019-08-29 07:00:00;0,005
2019-08-30 07:00:00;0,006
2019-08-31 07:00:00;0,005
2019-09-01 07:00:00;0,01
2019-09-02 07:00:00;0,007
2019-09-03 07:00:00;0,007
2019-09-04 07:00:00;0,011
2019-09-05 07:00:00;0,007
2019-09-06 07:00:00;0,012
2019-09-07 07:00:00;0,01
2019-09-08 07:00:00;0,011
2019-09-09 07:00:00;0,013
2019-09-10 07:00:00;0
2019-09-11 07:00:00;0
2019-09-12 07:00:00;0,014
2019-09-13 07:00:00;0,009
2019-09-14 07:00:00;0,014
2019-09-15 07:00:00;0,009
2019-09-16 07:00:00;0,036
2019-09-17 07:00:00;0,009
2019-09-18 07:00:00;5,083
2019-09-19 07:00:00;13,492999999999999
2019-09-20 07:00:00;15,484999999999998
2019-09-21 07:00:00;4,074
2019-09-22 07:00:00;0,021
2019-09-23 07:00:00;0,08499999999999999
2019-09-24 07:00:00;0
2019-09-25 07:00:00;0
2019-09-26 07:00:00;0,2
2019-09-27 07:00:00;0
2019-09-28 07:00:00;0
2019-09-29 07:00:00;0,415
2019-09-30 07:00:00;0,547
2019-10-01 07:00:00;14,23
2019-10-02 07:00:00;0,047
2019-10-03 07:00:00;3,0059999999999993
2019-10-04 07:00:00;0,6010000000000001
2019-10-05 07:00:00;0
2019-10-06 07:00:00;11,379
2019-10-07 07:00:00;8,430000000000001
2019-10-08 07:00:00;1,5190000000000001
2019-10-09 07:00:00;0,04599999999999999
2019-10-10 07:00:00;0,14200000000000002
2019-10-11 07:00:00;1,997
2019-10-12 07:00:00;8,754
2019-10-13 07:00:00;12,883999999999999
2019-10-14 07:00:00;0,027
2019-10-15 07:00:00;0
2019-10-16 07:00:00;0,46
2019-10-17 07:00:00;0,45899999999999996
2019-10-18 07:00:00;6,684
2019-10-19 07:00:00;2,584
2019-10-20 07:00:00;1,7049999999999998
2019-10-21 07:00:00;0,36
2019-10-22 07:00:00;1,4060000000000001
2019-10-23 07:00:00;3,223
2019-10-24 07:00:00;1,8940000000000001
2019-10-25 07:00:00;1,031
2019-10-26 07:00:00;0,028999999999999998
2019-10-27 07:00:00;0
2019-10-28 07:00:00;2,6350000000000002
2019-10-29 07:00:00;0,225
2019-10-30 07:00:00;0
2019-10-31 07:00:00;3,824
2019-11-01 07:00:00;0,027
2019-11-02 07:00:00;0
2019-11-03 07:00:00;0
2019-11-04 07:00:00;0,131
2019-11-05 07:00:00;0,14800000000000002
2019-11-06 07:00:00;0
2019-11-07 07:00:00;0
2019-11-08 07:00:00;0
2019-11-09 07:00:00;0,013
2019-11-10 07:00:00;1,516
2019-11-11 07:00:00;0,023
2019-11-12 07:00:00;3,2790000000000004
2019-11-13 07:00:00;8,357
2019-11-14 07:00:00;1,848
2019-11-15 07:00:00;3,9770000000000003
2019-11-16 07:00:00;0,548
2019-11-17 07:00:00;0,048
2019-11-18 07:00:00;0
2019-11-19 07:00:00;0
2019-11-20 07:00:00;0,007
2019-11-21 07:00:00;0,018
2019-11-22 07:00:00;0
2019-11-23 07:00:00;0
2019-11-24 07:00:00;0,112
2019-11-25 07:00:00;0
2019-11-26 07:00:00;0,10200000000000001
2019-11-27 07:00:00;0
2019-11-28 07:00:00;0,406
2019-11-29 07:00:00;0
2019-11-30 07:00:00;0
2019-12-01 07:00:00;0
2019-12-02 07:00:00;0
2019-12-03 07:00:00;0
2019-12-04 07:00:00;0
2019-12-05 07:00:00;0
2019-12-06 07:00:00;3,4439999999999995
2019-12-07 07:00:00;0,81
2019-12-08 07:00:00;0,089
2019-12-09 07:00:00;0
2019-12-10 07:00:00;0
2019-12-11 07:00:00;4,057
2019-12-12 07:00:00;1,218
2019-12-13 07:00:00;0,083
2019-12-14 07:00:00;3,2049999999999996
2019-12-15 07:00:00;0,042
2019-12-16 07:00:00;0
2019-12-17 07:00:00;0,30500000000000005
2019-12-18 07:00:00;2,8710000000000004
2019-12-19 07:00:00;0
2019-12-20 07:00:00;0
2019-12-21 07:00:00;0
2019-12-22 07:00:00;0
2019-12-23 07:00:00;0,022
2019-12-24 07:00:00;0
2019-12-25 07:00:00;4,220000000000001
2019-12-26 07:00:00;0
2019-12-27 07:00:00;0,119
2019-12-28 07:00:00;0
2019-12-29 07:00:00;0
2019-12-30 07:00:00;0,077
2019-12-31 07:00:00;4,577999999999999
2020-01-01 07:00:00;0,092
2020-01-02 07:00:00;0
2020-01-03 07:00:00;0
2020-01-04 07:00:00;0
2020-01-05 07:00:00;0
2020-01-06 07:00:00;0
2020-01-07 07:00:00;0,016
2020-01-08 07:00:00;0
2020-01-09 07:00:00;0
2020-01-10 07:00:00;0
2020-01-11 07:00:00;0
2020-01-12 07:00:00;0,107
2020-01-13 07:00:00;0,007
2020-01-14 07:00:00;5,015
2020-01-15 07:00:00;0,005
2020-01-16 07:00:00;0
2020-01-17 07:00:00;0
2020-01-18 07:00:00;0
2020-01-19 07:00:00;0
2020-01-20 07:00:00;0,017
2020-01-21 07:00:00;0,08499999999999999
2020-01-22 07:00:00;10,223999999999998
2020-01-23 07:00:00;0,093
2020-01-24 07:00:00;0
2020-01-25 07:00:00;0
2020-01-26 07:00:00;0,72
2020-01-27 07:00:00;0,394
2020-01-28 07:00:00;3,186
2020-01-29 07:00:00;0,34099999999999997
2020-01-30 07:00:00;0,107
2020-01-31 07:00:00;0
2020-02-01 07:00:00;0
2020-02-02 07:00:00;0
2020-02-03 07:00:00;4,914
2020-02-04 07:00:00;0,007
2020-02-05 07:00:00;0
2020-02-06 07:00:00;0
2020-02-07 07:00:00;0
2020-02-08 07:00:00;0
2020-02-09 07:00:00;0
2020-02-10 07:00:00;0
2020-02-11 07:00:00;0
2020-02-12 07:00:00;0
2020-02-13 07:00:00;0
2020-02-14 07:00:00;0
2020-02-15 07:00:00;0
2020-02-16 07:00:00;0
2020-02-17 07:00:00;0
2020-02-18 07:00:00;0
2020-02-19 07:00:00;0
2020-02-20 07:00:00;0
2020-02-21 07:00:00;0
2020-02-22 07:00:00;0,199
2020-02-23 07:00:00;0,204
2020-02-24 07:00:00;5,522000000000001
2020-02-25 07:00:00;2,027
2020-02-26 07:00:00;6,5120000000000005
2020-02-27 07:00:00;0,7539999999999999
2020-02-28 07:00:00;0,42500000000000004
2020-02-29 07:00:00;0
2020-03-01 07:00:00;0
2020-03-02 07:00:00;0
2020-03-03 07:00:00;0,238
2020-03-04 07:00:00;0,005
2020-03-05 07:00:00;0
2020-03-06 07:00:00;0,003
2020-03-07 07:00:00;0,335
2020-03-08 07:00:00;0
2020-03-09 07:00:00;0
2020-03-10 07:00:00;3,863
2020-03-11 07:00:00;1,11
2020-03-12 07:00:00;0,076
2020-03-13 07:00:00;2,602
2020-03-14 07:00:00;0,189
2020-03-15 07:00:00;0,054
2020-03-16 07:00:00;0,004
2020-03-17 07:00:00;4,148
2020-03-18 07:00:00;0
2020-03-19 07:00:00;0
2020-03-20 07:00:00;0
2020-03-21 07:00:00;0,649
2020-03-22 07:00:00;0,204
2020-03-23 07:00:00;0
2020-03-24 07:00:00;1,794
2020-03-25 07:00:00;0,027
2020-03-26 07:00:00;6,092
2020-03-27 07:00:00;0
2020-03-28 07:00:00;0
2020-03-29 07:00:00;0
2020-03-30 07:00:00;0
2020-03-31 07:00:00;0
2020-04-01 07:00:00;0
2020-04-02 07:00:00;0,051
2020-04-03 07:00:00;0
2020-04-04 07:00:00;0
2020-04-05 07:00:00;0
2020-04-06 07:00:00;0
2020-04-07 07:00:00;0,081
2020-04-08 07:00:00;0,06099999999999999
2020-04-09 07:00:00;2,1879999999999997
2020-04-10 07:00:00;0,009
2020-04-11 07:00:00;0,004
2020-04-12 07:00:00;6,150999999999999
2020-04-13 07:00:00;0,086
2020-04-14 07:00:00;12,38
2020-04-15 07:00:00;3,818
2020-04-16 07:00:00;2,093
2020-04-17 07:00:00;0
2020-04-18 07:00:00;0
2020-04-19 07:00:00;3,2150000000000003
2020-04-20 07:00:00;0,048
2020-04-21 07:00:00;0
2020-04-22 07:00:00;11,107
2020-04-23 07:00:00;4,18
2020-04-24 07:00:00;0,022000000000000002
2020-04-25 07:00:00;1,804
2020-04-26 07:00:00;0,055999999999999994
2020-04-27 07:00:00;0
2020-04-28 07:00:00;0,19699999999999998
2020-04-29 07:00:00;0,198
2020-04-30 07:00:00;0
2020-05-01 07:00:00;2,439
2020-05-02 07:00:00;0,034999999999999996
2020-05-03 07:00:00;3,65
2020-05-04 07:00:00;0,062
2020-05-05 07:00:00;0
2020-05-06 07:00:00;0
2020-05-07 07:00:00;0
2020-05-08 07:00:00;0,094
2020-05-09 07:00:00;0,005
2020-05-10 07:00:00;0
2020-05-11 07:00:00;0
2020-05-12 07:00:00;0
2020-05-13 07:00:00;0,027
2020-05-14 07:00:00;0,028999999999999998
2020-05-15 07:00:00;0,005
2020-05-16 07:00:00;0
2020-05-17 07:00:00;0
2020-05-18 07:00:00;2,908
2020-05-19 07:00:00;0,033
2020-05-20 07:00:00;0
2020-05-21 07:00:00;0
2020-05-22 07:00:00;0
2020-05-23 07:00:00;0,004
2020-05-24 07:00:00;0
2020-05-25 07:00:00;0
2020-05-26 07:00:00;12,753000000000002
2020-05-27 07:00:00;0,212
2020-05-28 07:00:00;0
2020-05-29 07:00:00;5,147
2020-05-30 07:00:00;3,106
2020-05-31 07:00:00;1,116
2020-06-01 07:00:00;3,157
2020-06-02 07:00:00;6,1259999999999994
2020-06-03 07:00:00;7,7780000000000005
2020-06-04 07:00:00;0,6220000000000001
2020-06-05 07:00:00;0,07300000000000001
2020-06-06 07:00:00;0
2020-06-07 07:00:00;0,027
2020-06-08 07:00:00;0
2020-06-09 07:00:00;4,294
2020-06-10 07:00:00;0,40800000000000003
2020-06-11 07:00:00;17,196
2020-06-12 07:00:00;2,83
2020-06-13 07:00:00;0,124
2020-06-14 07:00:00;0
2020-06-15 07:00:00;1,299
2020-06-16 07:00:00;0,043000000000000003
2020-06-17 07:00:00;0,191
2020-06-18 07:00:00;0,013
2020-06-19 07:00:00;1,4060000000000001
2020-06-20 07:00:00;1,197
2020-06-21 07:00:00;0,044
2020-06-22 07:00:00;0
2020-06-23 07:00:00;1,9819999999999998
2020-06-24 07:00:00;0,05899999999999999
2020-06-25 07:00:00;0
2020-06-26 07:00:00;0
2020-06-27 07:00:00;0
2020-06-28 07:00:00;0
2020-06-29 07:00:00;0,165
2020-06-30 07:00:00;0
2020-07-01 07:00:00;12,335000000000003
2020-07-02 07:00:00;0,9550000000000001
2020-07-03 07:00:00;0,029
2020-07-04 07:00:00;11,626000000000001
2020-07-05 07:00:00;1,2670000000000001
2020-07-06 07:00:00;0,04
2020-07-07 07:00:00;0,09999999999999999
2020-07-08 07:00:00;0,227
2020-07-09 07:00:00;0,027000000000000003
2020-07-10 07:00:00;0,34
2020-07-11 07:00:00;14,92
2020-07-12 07:00:00;0,46399999999999997
2020-07-13 07:00:00;0,036000000000000004
2020-07-14 07:00:00;0,006
2020-07-15 07:00:00;0,331
2020-07-16 07:00:00;0
2020-07-17 07:00:00;0
2020-07-18 07:00:00;0
2020-07-19 07:00:00;0
2020-07-20 07:00:00;0
2020-07-21 07:00:00;0
2020-07-22 07:00:00;0
2020-07-23 07:00:00;0,877
2020-07-24 07:00:00;1,725
2020-07-25 07:00:00;16,389999999999997
2020-07-26 07:00:00;0,49
2020-07-27 07:00:00;0,01
2020-07-28 07:00:00;0
2020-07-29 07:00:00;0,01
2020-07-30 07:00:00;0,165
2020-07-31 07:00:00;0
2020-08-01 07:00:00;0
2020-08-02 07:00:00;0
2020-08-03 07:00:00;0
2020-08-04 07:00:00;0
2020-08-05 07:00:00;0
2020-08-06 07:00:00;0
2020-08-07 07:00:00;0
2020-08-08 07:00:00;0
2020-08-09 07:00:00;0,008
2020-08-10 07:00:00;0,5760000000000001
2020-08-11 07:00:00;0
2020-08-12 07:00:00;0
2020-08-13 07:00:00;0,01
2020-08-14 07:00:00;0,794
2020-08-15 07:00:00;0,6669999999999999
2020-08-16 07:00:00;0,11599999999999999
2020-08-17 07:00:00;11,194
2020-08-18 07:00:00;0,6770000000000002
2020-08-19 07:00:00;3,132
2020-08-20 07:00:00;1,305
2020-08-21 07:00:00;0,457
2020-08-22 07:00:00;1,629
2020-08-23 07:00:00;0,012
2020-08-24 07:00:00;0,004
2020-08-25 07:00:00;1,194
2020-08-26 07:00:00;0
2020-08-27 07:00:00;0
2020-08-28 07:00:00;0
2020-08-29 07:00:00;0
2020-08-30 07:00:00;14,963000000000001
2020-08-31 07:00:00;0,097
2020-09-01 07:00:00;0,158
2020-09-02 07:00:00;0,10800000000000001
2020-09-03 07:00:00;0
2020-09-04 07:00:00;0
2020-09-05 07:00:00;0,066
2020-09-06 07:00:00;0
2020-09-07 07:00:00;0,074
2020-09-08 07:00:00;1,381
2020-09-09 07:00:00;0,443
2020-09-10 07:00:00;0,054000000000000006
2020-09-11 07:00:00;0
2020-09-12 07:00:00;0
2020-09-13 07:00:00;20,060999999999996
2020-09-14 07:00:00;0,064
2020-09-15 07:00:00;0,035
2020-09-16 07:00:00;0
2020-09-17 07:00:00;0,134
2020-09-18 07:00:00;0,059
2020-09-19 07:00:00;0,17900000000000002
2020-09-20 07:00:00;0,006
2020-09-21 07:00:00;0,646
2020-09-22 07:00:00;0
2020-09-23 07:00:00;0
2020-09-24 07:00:00;0,008
2020-09-25 07:00:00;0
2020-09-26 07:00:00;1,786
2020-09-27 07:00:00;0,059
2020-09-28 07:00:00;0
2020-09-29 07:00:00;0
2020-09-30 07:00:00;0
2020-10-01 07:00:00;0,048
2020-10-02 07:00:00;0
2020-10-03 07:00:00;0,022
2020-10-04 07:00:00;3,5120000000000005
2020-10-05 07:00:00;26,186
2020-10-06 07:00:00;4,743
2020-10-07 07:00:00;0
2020-10-08 07:00:00;0
2020-10-09 07:00:00;0,013999999999999999
2020-10-10 07:00:00;0
2020-10-11 07:00:00;0
2020-10-12 07:00:00;0
2020-10-13 07:00:00;0,036
2020-10-14 07:00:00;0,37
2020-10-15 07:00:00;0
2020-10-16 07:00:00;0
2020-10-17 07:00:00;0
2020-10-18 07:00:00;0
2020-10-19 07:00:00;2,6799999999999997
2020-10-20 07:00:00;0,024
2020-10-21 07:00:00;0,661
2020-10-22 07:00:00;0
2020-10-23 07:00:00;0,34199999999999997
2020-10-24 07:00:00;0
2020-10-25 07:00:00;0,027
2020-10-26 07:00:00;0,013
2020-10-27 07:00:00;0
2020-10-28 07:00:00;1,035
2020-10-29 07:00:00;2,2190000000000003
2020-10-30 07:00:00;0,964
2020-10-31 07:00:00;0,42099999999999993
2020-11-01 07:00:00;0,012
2020-11-02 07:00:00;0
2020-11-03 07:00:00;0
2020-11-04 07:00:00;0
2020-11-05 07:00:00;0
2020-11-06 07:00:00;0,044000000000000004
2020-11-07 07:00:00;0
2020-11-08 07:00:00;0
2020-11-09 07:00:00;0,15200000000000002
2020-11-10 07:00:00;0
2020-11-11 07:00:00;0
2020-11-12 07:00:00;0
2020-11-13 07:00:00;0,577
2020-11-14 07:00:00;0,043000000000000003
2020-11-15 07:00:00;0,008
2020-11-16 07:00:00;0,9279999999999999
2020-11-17 07:00:00;3,419
2020-11-18 07:00:00;2,088
2020-11-19 07:00:00;1,6549999999999998
2020-11-20 07:00:00;2,58
2020-11-21 07:00:00;7,494999999999999
2020-11-22 07:00:00;0,056
2020-11-23 07:00:00;0,097
2020-11-24 07:00:00;0
2020-11-25 07:00:00;0,47500000000000003
2020-11-26 07:00:00;0
2020-11-27 07:00:00;5,3980000000000015
2020-11-28 07:00:00;6,737
2020-11-29 07:00:00;0
2020-11-30 07:00:00;2,038
2020-12-01 07:00:00;1,323
2020-12-02 07:00:00;16,951
2020-12-03 07:00:00;4,843999999999999
2020-12-04 07:00:00;0
2020-12-05 07:00:00;0
2020-12-06 07:00:00;0
2020-12-07 07:00:00;0
2020-12-08 07:00:00;8,02
2020-12-09 07:00:00;1,0350000000000001
2020-12-10 07:00:00;1,123
2020-12-11 07:00:00;0,038000000000000006
2020-12-12 07:00:00;0,005
2020-12-13 07:00:00;0
2020-12-14 07:00:00;0
2020-12-15 07:00:00;0
2020-12-16 07:00:00;0
2020-12-17 07:00:00;0
2020-12-18 07:00:00;0
2020-12-19 07:00:00;0
2020-12-20 07:00:00;0
2020-12-21 07:00:00;0,7909999999999999
2020-12-22 07:00:00;0,008
2020-12-23 07:00:00;8,716000000000001
2020-12-24 07:00:00;1,238
2020-12-25 07:00:00;0,909
2020-12-26 07:00:00;2,6160000000000005
2020-12-27 07:00:00;2,002
2020-12-28 07:00:00;0,08299999999999999
2020-12-29 07:00:00;0
2020-12-30 07:00:00;2,023
2020-12-31 07:00:00;0,396
2021-01-01 07:00:00;0,043000000000000003
2021-01-02 07:00:00;0
2021-01-03 07:00:00;0,213
2021-01-04 07:00:00;0,156
2021-01-05 07:00:00;0
2021-01-06 07:00:00;1,4829999999999999
2021-01-07 07:00:00;1,8199999999999998
2021-01-08 07:00:00;0
2021-01-09 07:00:00;8,512
2021-01-10 07:00:00;0,016
2021-01-11 07:00:00;0
2021-01-12 07:00:00;0
2021-01-13 07:00:00;0
2021-01-14 07:00:00;0
2021-01-15 07:00:00;18,171000000000003
2021-01-16 07:00:00;0,05
2021-01-17 07:00:00;0
2021-01-18 07:00:00;0
2021-01-19 07:00:00;0
2021-01-20 07:00:00;0
2021-01-21 07:00:00;0
2021-01-22 07:00:00;0
2021-01-23 07:00:00;0,5519999999999999
2021-01-24 07:00:00;0
2021-01-25 07:00:00;0,008
2021-01-26 07:00:00;0,8230000000000001
2021-01-27 07:00:00;7,258000000000001
2021-01-28 07:00:00;0,004
2021-01-29 07:00:00;0
2021-01-30 07:00:00;0
2021-01-31 07:00:00;0
2021-02-01 07:00:00;0
2021-02-02 07:00:00;0
2021-02-03 07:00:00;0
2021-02-04 07:00:00;0
2021-02-05 07:00:00;0
2021-02-06 07:00:00;0
2021-02-07 07:00:00;0
2021-02-08 07:00:00;0,016
2021-02-09 07:00:00;1,3679999999999999
2021-02-10 07:00:00;0,072
2021-02-11 07:00:00;0,007
2021-02-12 07:00:00;3,132
2021-02-13 07:00:00;0,30900000000000005
2021-02-14 07:00:00;0,73
2021-02-15 07:00:00;4,282
2021-02-16 07:00:00;0,6200000000000001
2021-02-17 07:00:00;0
2021-02-18 07:00:00;0
2021-02-19 07:00:00;0
2021-02-20 07:00:00;0
2021-02-21 07:00:00;0
2021-02-22 07:00:00;0,298
2021-02-23 07:00:00;0,012
2021-02-24 07:00:00;0
2021-02-25 07:00:00;0,011
2021-02-26 07:00:00;0
2021-02-27 07:00:00;3,4789999999999996
2021-02-28 07:00:00;0,011
2021-03-01 07:00:00;0
2021-03-02 07:00:00;0
2021-03-03 07:00:00;0
2021-03-04 07:00:00;0
2021-03-05 07:00:00;0
2021-03-06 07:00:00;0
2021-03-07 07:00:00;0
2021-03-08 07:00:00;0
2021-03-09 07:00:00;0
2021-03-10 07:00:00;0
2021-03-11 07:00:00;0
2021-03-12 07:00:00;0
2021-03-13 07:00:00;0
2021-03-14 07:00:00;0
2021-03-15 07:00:00;0
2021-03-16 07:00:00;0
2021-03-17 07:00:00;0
2021-03-18 07:00:00;0
2021-03-19 07:00:00;0
2021-03-20 07:00:00;0
2021-03-21 07:00:00;0
2021-03-22 07:00:00;0
2021-03-23 07:00:00;0
2021-03-24 07:00:00;0
2021-03-25 07:00:00;0
2021-03-26 07:00:00;0
2021-03-27 07:00:00;0
2021-03-28 07:00:00;0
2021-03-29 07:00:00;0
2021-03-30 07:00:00;0
2021-03-31 07:00:00;0,12300000000000001
2021-04-01 07:00:00;0,16999999999999998
2021-04-02 07:00:00;0
2021-04-03 07:00:00;0
2021-04-04 07:00:00;0
2021-04-05 07:00:00;0
2021-04-06 07:00:00;0
2021-04-07 07:00:00;0
2021-04-08 07:00:00;0
2021-04-09 07:00:00;0
2021-04-10 07:00:00;0
2021-04-11 07:00:00;0
2021-04-12 07:00:00;0
2021-04-13 07:00:00;0
2021-04-14 07:00:00;0
2021-04-15 07:00:00;0
2021-04-16 07:00:00;0
2021-04-17 07:00:00;0
2021-04-18 07:00:00;0
2021-04-19 07:00:00;0
2021-04-20 07:00:00;0
2021-04-21 07:00:00;0
2021-04-22 07:00:00;0
2021-04-23 07:00:00;0
2021-04-24 07:00:00;0
2021-04-25 07:00:00;0
2021-04-26 07:00:00;0
2021-04-27 07:00:00;0
2021-04-28 07:00:00;0,345
2021-04-29 07:00:00;0,04
2021-04-30 07:00:00;0
2021-05-01 07:00:00;0,008
2021-05-02 07:00:00;0
2021-05-03 07:00:00;0
2021-05-04 07:00:00;0
2021-05-05 07:00:00;0
2021-05-06 07:00:00;0
2021-05-07 07:00:00;0
2021-05-08 07:00:00;0
2021-05-09 07:00:00;0
2021-05-10 07:00:00;0
2021-05-11 07:00:00;0
2021-05-12 07:00:00;0
2021-05-13 07:00:00;0
2021-05-14 07:00:00;0
2021-05-15 07:00:00;0
2021-05-16 07:00:00;0
2021-05-17 07:00:00;0
2021-05-18 07:00:00;0
2021-05-19 07:00:00;0
2021-05-20 07:00:00;0
2021-05-21 07:00:00;0
2021-05-22 07:00:00;0
2021-05-23 07:00:00;0
2021-05-24 07:00:00;0
2021-05-25 07:00:00;0
2021-05-26 07:00:00;0
2021-05-27 07:00:00;0
2021-05-28 07:00:00;0
2021-05-29 07:00:00;0
2021-05-30 07:00:00;0
2021-05-31 07:00:00;0
2021-06-01 07:00:00;0
2021-06-02 07:00:00;0
2021-06-03 07:00:00;0
2021-06-04 07:00:00;0
2021-06-05 07:00:00;0
2021-06-06 07:00:00;0
2021-06-07 07:00:00;0
2021-06-08 07:00:00;0
2021-06-09 07:00:00;0
2021-06-10 07:00:00;0
2021-06-11 07:00:00;0
2021-06-12 07:00:00;0
2021-06-13 07:00:00;0
2021-06-14 07:00:00;0
2021-06-15 07:00:00;0
2021-06-16 07:00:00;0
2021-06-17 07:00:00;0
2021-06-18 07:00:00;0
2021-06-19 07:00:00;0
2021-06-20 07:00:00;0
2021-06-21 07:00:00;0
2021-06-22 07:00:00;0
2021-06-23 07:00:00;0
2021-06-24 07:00:00;0
2021-06-25 07:00:00;0
2021-06-26 07:00:00;0
2021-06-27 07:00:00;0
2021-06-28 07:00:00;0
2021-06-29 07:00:00;0
2021-06-30 07:00:00;0
2021-07-01 07:00:00;0
2021-07-02 07:00:00;0
2021-07-03 07:00:00;0
2021-07-04 07:00:00;0
2021-07-05 07:00:00;0
2021-07-06 07:00:00;0
2021-07-07 07:00:00;0
2021-07-08 07:00:00;0
2021-07-09 07:00:00;0
2021-07-10 07:00:00;0
2021-07-11 07:00:00;0
2021-07-12 07:00:00;0
2021-07-13 07:00:00;0
2021-07-14 07:00:00;0
2021-07-15 07:00:00;0
2021-07-16 07:00:00;0
2021-07-17 07:00:00;0
2021-07-18 07:00:00;0
2021-07-19 07:00:00;0
2021-07-20 07:00:00;0
2021-07-21 07:00:00;0
2021-07-22 07:00:00;0
2021-07-23 07:00:00;0
2021-07-24 07:00:00;0
2021-07-25 07:00:00;0
2021-07-26 07:00:00;0
2021-07-27 07:00:00;0
2021-07-28 07:00:00;0
2021-07-29 07:00:00;0
2021-07-30 07:00:00;0
2021-07-31 07:00:00;0
2021-08-01 07:00:00;0
2021-08-02 07:00:00;0
2021-08-03 07:00:00;0
2021-08-04 07:00:00;0
2021-08-05 07:00:00;0
2021-08-06 07:00:00;0
2021-08-07 07:00:00;0
2021-08-08 07:00:00;0
2021-08-09 07:00:00;0
2021-08-10 07:00:00;0
2021-08-11 07:00:00;0
2021-08-12 07:00:00;0
2021-08-13 07:00:00;0
2021-08-14 07:00:00;0
2021-08-15 07:00:00;0
2021-08-16 07:00:00;0
2021-08-17 07:00:00;0
2021-08-18 07:00:00;0
2021-08-19 07:00:00;0
2021-08-20 07:00:00;0
2021-08-21 07:00:00;0
2021-08-22 07:00:00;0
2021-08-23 07:00:00;0
2021-08-24 07:00:00;0
2021-08-25 07:00:00;0
2021-08-26 07:00:00;0
2021-08-27 07:00:00;0
2021-08-28 07:00:00;0
2021-08-29 07:00:00;0
2021-08-30 07:00:00;0
2021-08-31 07:00:00;0
2021-09-01 07:00:00;0
2021-09-02 07:00:00;0
2021-09-03 07:00:00;0
2021-09-04 07:00:00;0
2021-09-05 07:00:00;0
2021-09-06 07:00:00;0
2021-09-07 07:00:00;0
2021-09-08 07:00:00;0
2021-09-09 07:00:00;0
2021-09-10 07:00:00;0
2021-09-11 07:00:00;0
2021-09-12 07:00:00;0
2021-09-13 07:00:00;0
2021-09-14 07:00:00;0
2021-09-15 07:00:00;0
2021-09-16 07:00:00;0
2021-09-17 07:00:00;0
2021-09-18 07:00:00;0
2021-09-19 07:00:00;0
2021-09-20 07:00:00;0
2021-09-21 07:00:00;0
2021-09-22 07:00:00;0
2021-09-23 07:00:00;0
2021-09-24 07:00:00;0
2021-09-25 07:00:00;0
2021-09-26 07:00:00;0
2021-09-27 07:00:00;0
2021-09-28 07:00:00;0
2021-09-29 07:00:00;0
2021-09-30 07:00:00;0
2021-10-01 07:00:00;0
2021-10-02 07:00:00;0
2021-10-03 07:00:00;0
2021-10-04 07:00:00;0
2021-10-05 07:00:00;0
2021-10-06 07:00:00;0
2021-10-07 07:00:00;0
2021-10-08 07:00:00;0
2021-10-09 07:00:00;0
2021-10-10 07:00:00;0
2021-10-11 07:00:00;0
2021-10-12 07:00:00;0
2021-10-13 07:00:00;0
2021-10-14 07:00:00;0
2021-10-15 07:00:00;0
2021-10-16 07:00:00;0
2021-10-17 07:00:00;0
2021-10-18 07:00:00;0
2021-10-19 07:00:00;0
2021-10-20 07:00:00;0
2021-10-21 07:00:00;0
2021-10-22 07:00:00;0
2021-10-23 07:00:00;0
2021-10-24 07:00:00;0
2021-10-25 07:00:00;0
2021-10-26 07:00:00;0
2021-10-27 07:00:00;0
2021-10-28 07:00:00;0
2021-10-29 07:00:00;0
2021-10-30 07:00:00;0
2021-10-31 07:00:00;0
2021-11-01 07:00:00;0
2021-11-02 07:00:00;0
2021-11-03 07:00:00;0
2021-11-04 07:00:00;0
2021-11-05 07:00:00;0
2021-11-06 07:00:00;0
2021-11-07 07:00:00;0
2021-11-08 07:00:00;0
2021-11-09 07:00:00;3,6479999999999997
2021-11-10 07:00:00;1,8740000000000003
2021-11-11 07:00:00;0,7370000000000001
2021-11-12 07:00:00;0,14600000000000002
2021-11-13 07:00:00;0,014
2021-11-14 07:00:00;0,888
2021-11-15 07:00:00;0,281
2021-11-16 07:00:00;0,48600000000000004
2021-11-17 07:00:00;1,084
2021-11-18 07:00:00;1,162
2021-11-19 07:00:00;0,43800000000000006
2021-11-20 07:00:00;0,49700000000000005
2021-11-21 07:00:00;0,9810000000000001
2021-11-22 07:00:00;0,065
2021-11-23 07:00:00;2,24
2021-11-24 07:00:00;1,121
2021-11-25 07:00:00;2,0719999999999996
2021-11-26 07:00:00;2,045
2021-11-27 07:00:00;6,436
2021-11-28 07:00:00;0,148
2021-11-29 07:00:00;0,006
2021-11-30 07:00:00;1,9880000000000002
2021-12-01 07:00:00;2,454
2021-12-02 07:00:00;0,087
2021-12-03 07:00:00;0,005
2021-12-04 07:00:00;0,29700000000000004
2021-12-05 07:00:00;0,242
2021-12-06 07:00:00;0,048
2021-12-07 07:00:00;0
2021-12-08 07:00:00;0
2021-12-09 07:00:00;0,051000000000000004
2021-12-10 07:00:00;0,049999999999999996
2021-12-11 07:00:00;0
2021-12-12 07:00:00;7,724
2021-12-13 07:00:00;2,9479999999999995
2021-12-14 07:00:00;0,053
2021-12-15 07:00:00;0,015
2021-12-16 07:00:00;0
2021-12-17 07:00:00;0
2021-12-18 07:00:00;0
2021-12-19 07:00:00;0
2021-12-20 07:00:00;0
2021-12-21 07:00:00;0
2021-12-22 07:00:00;0
2021-12-23 07:00:00;0
2021-12-24 07:00:00;0
2021-12-25 07:00:00;0
2021-12-26 07:00:00;0
2021-12-27 07:00:00;0
2021-12-28 07:00:00;0
2021-12-29 07:00:00;0
2021-12-30 07:00:00;0
2021-12-31 07:00:00;0
2022-01-01 07:00:00;0
2022-01-02 07:00:00;0
2022-01-03 07:00:00;0
2022-01-04 07:00:00;0
2022-01-05 07:00:00;0
2022-01-06 07:00:00;0
2022-01-07 07:00:00;0
2022-01-08 07:00:00;0
2022-01-09 07:00:00;0
2022-01-10 07:00:00;0
2022-01-11 07:00:00;0
2022-01-12 07:00:00;0
2022-01-13 07:00:00;0
2022-01-14 07:00:00;0
2022-01-15 07:00:00;0
2022-01-16 07:00:00;0
2022-01-17 07:00:00;0
2022-01-18 07:00:00;0
2022-01-19 07:00:00;0
2022-01-20 07:00:00;0
2022-01-21 07:00:00;0
2022-01-22 07:00:00;0
2022-01-23 07:00:00;0
2022-01-24 07:00:00;0
2022-01-25 07:00:00;0
2022-01-26 07:00:00;0
2022-01-27 07:00:00;0
2022-01-28 07:00:00;0
2022-01-29 07:00:00;0
2022-01-30 07:00:00;0
2022-01-31 07:00:00;0
2022-02-01 07:00:00;0
2022-02-02 07:00:00;0
2022-02-03 07:00:00;0
2022-02-04 07:00:00;0
2022-02-05 07:00:00;0
2022-02-06 07:00:00;0
2022-02-07 07:00:00;0
2022-02-08 07:00:00;0
2022-02-09 07:00:00;0
2022-02-10 07:00:00;0
2022-02-11 07:00:00;0
2022-02-12 07:00:00;0
2022-02-13 07:00:00;0
2022-02-14 07:00:00;0
2022-02-15 07:00:00;0
2022-02-16 07:00:00;0
2022-02-17 07:00:00;0
2022-02-18 07:00:00;0
2022-02-19 07:00:00;0
2022-02-20 07:00:00;0
2022-02-21 07:00:00;0
2022-02-22 07:00:00;0
2022-02-23 07:00:00;0
2022-02-24 07:00:00;0
2022-02-25 07:00:00;0
2022-02-26 07:00:00;0
2022-02-27 07:00:00;0
2022-02-28 07:00:00;0
2022-03-01 07:00:00;0
2022-03-02 07:00:00;0
2022-03-03 07:00:00;0
2022-03-04 07:00:00;0
2022-03-05 07:00:00;0
2022-03-06 07:00:00;0
2022-03-07 07:00:00;0
2022-03-08 07:00:00;0
2022-03-09 07:00:00;0
2022-03-10 07:00:00;0
2022-03-11 07:00:00;0
2022-03-12 07:00:00;0
2022-03-13 07:00:00;0
2022-03-14 07:00:00;0
2022-03-15 07:00:00;0
2022-03-16 07:00:00;0
2022-03-17 07:00:00;0
2022-03-18 07:00:00;0
2022-03-19 07:00:00;0
2022-03-20 07:00:00;0
2022-03-21 07:00:00;0
2022-03-22 07:00:00;0
2022-03-23 07:00:00;0
2022-03-24 07:00:00;0
2022-03-25 07:00:00;0
2022-03-26 07:00:00;0
2022-03-27 07:00:00;0
2022-03-28 07:00:00;0
2022-03-29 07:00:00;0
2022-03-30 07:00:00;0
2022-03-31 07:00:00;0
2022-04-01 07:00:00;0
2022-04-02 07:00:00;0
2022-04-03 07:00:00;0
2022-04-04 07:00:00;0
2022-04-05 07:00:00;0
2022-04-06 07:00:00;0
2022-04-07 07:00:00;0
2022-04-08 07:00:00;0
2022-04-09 07:00:00;0
2022-04-10 07:00:00;0
2022-04-11 07:00:00;0
2022-04-12 07:00:00;0
2022-04-13 07:00:00;0
2022-04-14 07:00:00;0
2022-04-15 07:00:00;0
2022-04-16 07:00:00;0
2022-04-17 07:00:00;0
2022-04-18 07:00:00;0
2022-04-19 07:00:00;0
2022-04-20 07:00:00;0
2022-04-21 07:00:00;0
2022-04-22 07:00:00;0
2022-04-23 07:00:00;0
2022-04-24 07:00:00;0
2022-04-25 07:00:00;0
2022-04-26 07:00:00;0
2022-04-27 07:00:00;0
2022-04-28 07:00:00;0
2022-04-29 07:00:00;0
2022-04-30 07:00:00;0
2022-05-01 07:00:00;0
2022-05-02 07:00:00;0
2022-05-03 07:00:00;0
2022-05-04 07:00:00;0
2022-05-05 07:00:00;0
2022-05-06 07:00:00;0
2022-05-07 07:00:00;0
2022-05-08 07:00:00;0
2022-05-09 07:00:00;0
2022-05-10 07:00:00;0
2022-05-11 07:00:00;0
2022-05-12 07:00:00;0
2022-05-13 07:00:00;0
2022-05-14 07:00:00;0
2022-05-15 07:00:00;0
2022-05-16 07:00:00;0
2022-05-17 07:00:00;0
2022-05-18 07:00:00;0
2022-05-19 07:00:00;0
2022-05-20 07:00:00;0
2022-05-21 07:00:00;0
2022-05-22 07:00:00;0
2022-05-23 07:00:00;0
2022-05-24 07:00:00;0
2022-05-25 07:00:00;0
2022-05-26 07:00:00;0
2022-05-27 07:00:00;0
2022-05-28 07:00:00;0
2022-05-29 07:00:00;0
2022-05-30 07:00:00;0
2022-05-31 07:00:00;0
2022-06-01 07:00:00;0
2022-06-02 07:00:00;0
2022-06-03 07:00:00;0
2022-06-04 07:00:00;0
2022-06-05 07:00:00;0
2022-06-06 07:00:00;0
2022-06-07 07:00:00;0
2022-06-08 07:00:00;0
2022-06-09 07:00:00;0
2022-06-10 07:00:00;0
2022-06-11 07:00:00;0
2022-06-12 07:00:00;0
2022-06-13 07:00:00;0
2022-06-14 07:00:00;0
2022-06-15 07:00:00;0
2022-06-16 07:00:00;0
2022-06-17 07:00:00;0
2022-06-18 07:00:00;0
2022-06-19 07:00:00;0
2022-06-20 07:00:00;0
2022-06-21 07:00:00;0
2022-06-22 07:00:00;0
2022-06-23 07:00:00;0
2022-06-24 07:00:00;0
2022-06-25 07:00:00;0
2022-06-26 07:00:00;0
2022-06-27 07:00:00;0
2022-06-28 07:00:00;0
2022-06-29 07:00:00;0
2022-06-30 07:00:00;0
2022-07-01 07:00:00;0
2022-07-02 07:00:00;0
2022-07-03 07:00:00;0
2022-07-04 07:00:00;0
2022-07-05 07:00:00;0
2022-07-06 07:00:00;0
2022-07-07 07:00:00;0
2022-07-08 07:00:00;0
2022-07-09 07:00:00;0
2022-07-10 07:00:00;0
2022-07-11 07:00:00;0
2022-07-12 07:00:00;0
2022-07-13 07:00:00;0
2022-07-14 07:00:00;0
2022-07-15 07:00:00;0
2022-07-16 07:00:00;0
2022-07-17 07:00:00;0
2022-07-18 07:00:00;0
2022-07-19 07:00:00;0
2022-07-20 07:00:00;0
2022-07-21 07:00:00;0
2022-07-22 07:00:00;0
2022-07-23 07:00:00;0
2022-07-24 07:00:00;0
2022-07-25 07:00:00;0
2022-07-26 07:00:00;0
2022-07-27 07:00:00;0
2022-07-28 07:00:00;0
2022-07-29 07:00:00;0
2022-07-30 07:00:00;0
2022-07-31 07:00:00;0
2022-08-01 07:00:00;0
2022-08-02 07:00:00;0
2022-08-03 07:00:00;0
2022-08-04 07:00:00;0
2022-08-05 07:00:00;0
2022-08-06 07:00:00;0
2022-08-07 07:00:00;0
2022-08-08 07:00:00;0
2022-08-09 07:00:00;0
2022-08-10 07:00:00;0
2022-08-11 07:00:00;0
2022-08-12 07:00:00;0
2022-08-13 07:00:00;0
2022-08-14 07:00:00;0
2022-08-15 07:00:00;0
2022-08-16 07:00:00;0
2022-08-17 07:00:00;0
2022-08-18 07:00:00;0
2022-08-19 07:00:00;0
2022-08-20 07:00:00;0
2022-08-21 07:00:00;0
2022-08-22 07:00:00;0
2022-08-23 07:00:00;0
2022-08-24 07:00:00;0
2022-08-25 07:00:00;0
2022-08-26 07:00:00;0
2022-08-27 07:00:00;0
2022-08-28 07:00:00;0
2022-08-29 07:00:00;0
2022-08-30 07:00:00;0
2022-08-31 07:00:00;0
2022-09-01 07:00:00;0
2022-09-02 07:00:00;0
2022-09-03 07:00:00;0
2022-09-04 07:00:00;0
2022-09-05 07:00:00;0
2022-09-06 07:00:00;0
2022-09-07 07:00:00;0
2022-09-08 07:00:00;0
2022-09-09 07:00:00;0
2022-09-10 07:00:00;0
2022-09-11 07:00:00;0
2022-09-12 07:00:00;0
2022-09-13 07:00:00;0
2022-09-14 07:00:00;0
2022-09-15 07:00:00;0
2022-09-16 07:00:00;0
2022-09-17 07:00:00;0
2022-09-18 07:00:00;0
2022-09-19 07:00:00;0
2022-09-20 07:00:00;0
2022-09-21 07:00:00;0
2022-09-22 07:00:00;0
2022-09-23 07:00:00;0
2022-09-24 07:00:00;0
2022-09-25 07:00:00;0
2022-09-26 07:00:00;0
2022-09-27 07:00:00;0
2022-09-28 07:00:00;0
2022-09-29 07:00:00;0
2022-09-30 07:00:00;0
2022-10-01 07:00:00;0
2022-10-02 07:00:00;0
2022-10-03 07:00:00;0
2022-10-04 07:00:00;0
2022-10-05 07:00:00;13,909
2022-10-06 07:00:00;0,032
2022-10-07 07:00:00;0,387
2022-10-08 07:00:00;1,1019999999999999
2022-10-09 07:00:00;0,01
2022-10-10 07:00:00;0
2022-10-11 07:00:00;0
2022-10-12 07:00:00;0
2022-10-13 07:00:00;0
2022-10-14 07:00:00;0
2022-10-15 07:00:00;0
2022-10-16 07:00:00;0
2022-10-17 07:00:00;0
2022-10-18 07:00:00;0
2022-10-19 07:00:00;0
2022-10-20 07:00:00;0
2022-10-21 07:00:00;0
2022-10-22 07:00:00;0
2022-10-23 07:00:00;0
2022-10-24 07:00:00;0
2022-10-25 07:00:00;0
2022-10-26 07:00:00;0
2022-10-27 07:00:00;0
2022-10-28 07:00:00;0
2022-10-29 07:00:00;0
2022-10-30 07:00:00;0
2022-10-31 07:00:00;0
2022-11-01 07:00:00;0
2022-11-02 07:00:00;0
2022-11-03 07:00:00;0
2022-11-04 07:00:00;0
2022-11-05 07:00:00;0
2022-11-06 07:00:00;0
2022-11-07 07:00:00;0
2022-11-08 07:00:00;0
2022-11-09 07:00:00;0
2022-11-10 07:00:00;0
2022-11-11 07:00:00;0
2022-11-12 07:00:00;0
2022-11-13 07:00:00;0
2022-11-14 07:00:00;0
2022-11-15 07:00:00;0
2022-11-16 07:00:00;0
2022-11-17 07:00:00;0
2022-11-18 07:00:00;0
2022-11-19 07:00:00;0
2022-11-20 07:00:00;0
2022-11-21 07:00:00;0
2022-11-22 07:00:00;0
2022-11-23 07:00:00;0
2022-11-24 07:00:00;0
2022-11-25 07:00:00;0
2022-11-26 07:00:00;0
2022-11-27 07:00:00;0
2022-11-28 07:00:00;0
2022-11-29 07:00:00;0
2022-11-30 07:00:00;0
2022-12-01 07:00:00;0
2022-12-02 07:00:00;0
2022-12-03 07:00:00;0
2022-12-04 07:00:00;0
2022-12-05 07:00:00;0
2022-12-06 07:00:00;0
2022-12-07 07:00:00;0
2022-12-08 07:00:00;0
2022-12-09 07:00:00;0
2022-12-10 07:00:00;0
2022-12-11 07:00:00;0
2022-12-12 07:00:00;0
2022-12-13 07:00:00;0
2022-12-14 07:00:00;0
2022-12-15 07:00:00;0
2022-12-16 07:00:00;0
2022-12-17 07:00:00;0
2022-12-18 07:00:00;0
2022-12-19 07:00:00;0
2022-12-20 07:00:00;0
2022-12-21 07:00:00;0
2022-12-22 07:00:00;0
2022-12-23 07:00:00;0
2022-12-24 07:00:00;0
2022-12-25 07:00:00;0
2022-12-26 07:00:00;0
2022-12-27 07:00:00;0
2022-12-28 07:00:00;0
2022-12-29 07:00:00;0
2022-12-30 07:00:00;0
2022-12-31 07:00:00;0
2023-01-01 07:00:00;0,158
2023-01-02 07:00:00;0,503
2023-01-03 07:00:00;0,29
2023-01-04 07:00:00;0,038
2023-01-05 07:00:00;0
2023-01-06 07:00:00;2,6390000000000002
2023-01-07 07:00:00;0,28
2023-01-08 07:00:00;13,295
2023-01-09 07:00:00;2,233
2023-01-10 07:00:00;0,904
2023-01-11 07:00:00;2,238
2023-01-12 07:00:00;0,17
2023-01-13 07:00:00;1,9120000000000001
2023-01-14 07:00:00;14,461000000000002
2023-01-15 07:00:00;0,065
2023-01-16 07:00:00;0
2023-01-17 07:00:00;0
2023-01-18 07:00:00;0
2023-01-19 07:00:00;1,164
2023-01-20 07:00:00;0,028
2023-01-21 07:00:00;0
2023-01-22 07:00:00;0,165
2023-01-23 07:00:00;0
2023-01-24 07:00:00;0
2023-01-25 07:00:00;0
2023-01-26 07:00:00;0
2023-01-27 07:00:00;0
2023-01-28 07:00:00;0
2023-01-29 07:00:00;0
2023-01-30 07:00:00;0
2023-01-31 07:00:00;0
2023-02-01 07:00:00;0
2023-02-02 07:00:00;0
2023-02-03 07:00:00;0
2023-02-04 07:00:00;0
2023-02-05 07:00:00;0
2023-02-06 07:00:00;0
2023-02-07 07:00:00;0
2023-02-08 07:00:00;0
2023-02-09 07:00:00;0
2023-02-10 07:00:00;0
2023-02-11 07:00:00;0
2023-02-12 07:00:00;0
2023-02-13 07:00:00;0
2023-02-14 07:00:00;0
2023-02-15 07:00:00;0
2023-02-16 07:00:00;5,524
2023-02-17 07:00:00;0,471
2023-02-18 07:00:00;0
2023-02-19 07:00:00;0
2023-02-20 07:00:00;0,138
2023-02-21 07:00:00;1,101
2023-02-22 07:00:00;0,212
2023-02-23 07:00:00;0,017
2023-02-24 07:00:00;0
2023-02-25 07:00:00;0
2023-02-26 07:00:00;0
2023-02-27 07:00:00;0
2023-02-28 07:00:00;0
2023-03-01 07:00:00;0
2023-03-02 07:00:00;0
2023-03-03 07:00:00;0
2023-03-04 07:00:00;0
2023-03-05 07:00:00;0
2023-03-06 07:00:00;0
2023-03-07 07:00:00;0
2023-03-08 07:00:00;0
2023-03-09 07:00:00;0
2023-03-10 07:00:00;0
2023-03-11 07:00:00;0
2023-03-12 07:00:00;0
2023-03-13 07:00:00;0
2023-03-14 07:00:00;1,1029999999999998
2023-03-15 07:00:00;0,8240000000000001
2023-03-16 07:00:00;0
2023-03-17 07:00:00;2,258
2023-03-18 07:00:00;0,099
2023-03-19 07:00:00;2,11
2023-03-20 07:00:00;0,023
2023-03-21 07:00:00;0
2023-03-22 07:00:00;0
2023-03-23 07:00:00;0
2023-03-24 07:00:00;0
2023-03-25 07:00:00;0
2023-03-26 07:00:00;0
2023-03-27 07:00:00;0
2023-03-28 07:00:00;0
2023-03-29 07:00:00;0
2023-03-30 07:00:00;0
2023-03-31 07:00:00;0
2023-04-01 07:00:00;0
2023-04-02 07:00:00;0
2023-04-03 07:00:00;0
2023-04-04 07:00:00;0
2023-04-05 07:00:00;0
2023-04-06 07:00:00;0
2023-04-07 07:00:00;0
2023-04-08 07:00:00;0
2023-04-09 07:00:00;0
2023-04-10 07:00:00;0
2023-04-11 07:00:00;0
2023-04-12 07:00:00;0
2023-04-13 07:00:00;0
2023-04-14 07:00:00;0
2023-04-15 07:00:00;0
2023-04-16 07:00:00;0,8500000000000001
2023-04-17 07:00:00;0,325
2023-04-18 07:00:00;0,15
2023-04-19 07:00:00;0,023000000000000003
2023-04-20 07:00:00;0,01
2023-04-21 07:00:00;0,841
2023-04-22 07:00:00;0,045
2023-04-23 07:00:00;0,015
2023-04-24 07:00:00;0,01
2023-04-25 07:00:00;0
2023-04-26 07:00:00;0
2023-04-27 07:00:00;0
2023-04-28 07:00:00;0
2023-04-29 07:00:00;0
2023-04-30 07:00:00;0
2023-05-01 07:00:00;0
2023-05-02 07:00:00;0
2023-05-03 07:00:00;0
2023-05-04 07:00:00;0
2023-05-05 07:00:00;0
2023-05-06 07:00:00;0
2023-05-07 07:00:00;0
2023-05-08 07:00:00;0
2023-05-09 07:00:00;0
2023-05-10 07:00:00;0,6200000000000001
2023-05-11 07:00:00;0,218
2023-05-12 07:00:00;0,014000000000000002
2023-05-13 07:00:00;0,005
2023-05-14 07:00:00;0
2023-05-15 07:00:00;0,009000000000000001
2023-05-16 07:00:00;0,005
2023-05-17 07:00:00;0,005
2023-05-18 07:00:00;0,005
2023-05-19 07:00:00;0,005
2023-05-20 07:00:00;0
2023-05-21 07:00:00;0,01
2023-05-22 07:00:00;0,060000000000000005
2023-05-23 07:00:00;0,034
2023-05-24 07:00:00;0,005
2023-05-25 07:00:00;0
2023-05-26 07:00:00;0
2023-05-27 07:00:00;0
2023-05-28 07:00:00;0
2023-05-29 07:00:00;0
2023-05-30 07:00:00;0
2023-05-31 07:00:00;0
2023-06-01 07:00:00;0
2023-06-02 07:00:00;0
2023-06-03 07:00:00;0
2023-06-04 07:00:00;0,006
2023-06-05 07:00:00;0,005
2023-06-06 07:00:00;0,006
2023-06-07 07:00:00;0
2023-06-08 07:00:00;0
2023-06-09 07:00:00;0
2023-06-10 07:00:00;0
2023-06-11 07:00:00;0
2023-06-12 07:00:00;0
2023-06-13 07:00:00;0
2023-06-14 07:00:00;0
2023-06-15 07:00:00;0
2023-06-16 07:00:00;0
2023-06-17 07:00:00;0
2023-06-18 07:00:00;0
2023-06-19 07:00:00;0
2023-06-20 07:00:00;0,015
2023-06-21 07:00:00;0
2023-06-22 07:00:00;0
2023-06-23 07:00:00;0,379
2023-06-24 07:00:00;0
2023-06-25 07:00:00;0
2023-06-26 07:00:00;0
2023-06-27 07:00:00;0
2023-06-28 07:00:00;0
2023-06-29 07:00:00;0
2023-06-30 07:00:00;0
2023-07-01 07:00:00;0
2023-07-02 07:00:00;0
2023-07-03 07:00:00;1,2970000000000002
2023-07-04 07:00:00;0,345
2023-07-05 07:00:00;0,089
2023-07-06 07:00:00;0
2023-07-07 07:00:00;0
2023-07-08 07:00:00;0,355
2023-07-09 07:00:00;0,35100000000000003
2023-07-10 07:00:00;0,23299999999999998
2023-07-11 07:00:00;0
2023-07-12 07:00:00;0
2023-07-13 07:00:00;0
2023-07-14 07:00:00;0,445
2023-07-15 07:00:00;0,07400000000000001
2023-07-16 07:00:00;0
2023-07-17 07:00:00;0,30200000000000005
2023-07-18 07:00:00;0
2023-07-19 07:00:00;0
2023-07-20 07:00:00;0
2023-07-21 07:00:00;0
2023-07-22 07:00:00;0
2023-07-23 07:00:00;9,444
2023-07-24 07:00:00;0
2023-07-25 07:00:00;0
2023-07-26 07:00:00;0
2023-07-27 07:00:00;0
2023-07-28 07:00:00;0
2023-07-29 07:00:00;0
2023-07-30 07:00:00;0
2023-07-31 07:00:00;0
2023-08-01 07:00:00;0
2023-08-02 07:00:00;0
2023-08-03 07:00:00;0
2023-08-04 07:00:00;0
2023-08-05 07:00:00;0
2023-08-06 07:00:00;0
2023-08-07 07:00:00;0
2023-08-08 07:00:00;0
2023-08-09 07:00:00;0
2023-08-10 07:00:00;0
2023-08-11 07:00:00;0
2023-08-12 07:00:00;0
2023-08-13 07:00:00;0
2023-08-14 07:00:00;0
2023-08-15 07:00:00;0
2023-08-16 07:00:00;0
2023-08-17 07:00:00;0
2023-08-18 07:00:00;0
2023-08-19 07:00:00;0
2023-08-20 07:00:00;0
2023-08-21 07:00:00;0
2023-08-22 07:00:00;0
2023-08-23 07:00:00;0
2023-08-24 07:00:00;0
2023-08-25 07:00:00;0
2023-08-26 07:00:00;0
2023-08-27 07:00:00;0
2023-08-28 07:00:00;0
2023-08-29 07:00:00;0
2023-08-30 07:00:00;0
2023-08-31 07:00:00;0
2023-09-01 07:00:00;0
2023-09-02 07:00:00;0
2023-09-03 07:00:00;0
2023-09-04 07:00:00;0
2023-09-05 07:00:00;0
2023-09-06 07:00:00;0
2023-09-07 07:00:00;0
2023-09-08 07:00:00;0
2023-09-09 07:00:00;0
2023-09-10 07:00:00;0
2023-09-11 07:00:00;0
2023-09-12 07:00:00;0
2023-09-13 07:00:00;0
2023-09-14 07:00:00;0
2023-09-15 07:00:00;0
2023-09-16 07:00:00;0
2023-09-17 07:00:00;0
2023-09-18 07:00:00;0
2023-09-19 07:00:00;0
2023-09-20 07:00:00;0
2023-09-21 07:00:00;0
2023-09-22 07:00:00;0
2023-09-23 07:00:00;0
2023-09-24 07:00:00;0
2023-09-25 07:00:00;0
2023-09-26 07:00:00;0
2023-09-27 07:00:00;0
2023-09-28 07:00:00;0
2023-09-29 07:00:00;0
2023-09-30 07:00:00;0
2023-10-01 07:00:00;0
2023-10-02 07:00:00;0
2023-10-03 07:00:00;0
2023-10-04 07:00:00;0
2023-10-05 07:00:00;0
2023-10-06 07:00:00;0
2023-10-07 07:00:00;0
2023-10-08 07:00:00;0
2023-10-09 07:00:00;0
2023-10-10 07:00:00;0
2023-10-11 07:00:00;0
2023-10-12 07:00:00;0
2023-10-13 07:00:00;0
2023-10-14 07:00:00;0
2023-10-15 07:00:00;0
2023-10-16 07:00:00;0
2023-10-17 07:00:00;0
2023-10-18 07:00:00;0
2023-10-19 07:00:00;0
2023-10-20 07:00:00;0
2023-10-21 07:00:00;0
2023-10-22 07:00:00;0
2023-10-23 07:00:00;0
2023-10-24 07:00:00;0
2023-10-25 07:00:00;0
2023-10-26 07:00:00;0
2023-10-27 07:00:00;0
2023-10-28 07:00:00;0
2023-10-29 07:00:00;0
2023-10-30 07:00:00;0
2023-10-31 07:00:00;0
2023-11-01 07:00:00;0
2023-11-02 07:00:00;0
2023-11-03 07:00:00;0
2023-11-04 07:00:00;0
2023-11-05 07:00:00;0
2023-11-06 07:00:00;0
2023-11-07 07:00:00;0
2023-11-08 07:00:00;0
2023-11-09 07:00:00;0
2023-11-10 07:00:00;0
2023-11-11 07:00:00;0
2023-11-12 07:00:00;0
2023-11-13 07:00:00;0
2023-11-14 07:00:00;0
2023-11-15 07:00:00;0
2023-11-16 07:00:00;0
2023-11-17 07:00:00;0
2023-11-18 07:00:00;0
2023-11-19 07:00:00;0
2023-11-20 07:00:00;0
2023-11-21 07:00:00;0
2023-11-22 07:00:00;0
2023-11-23 07:00:00;0
2023-11-24 07:00:00;0
2023-11-25 07:00:00;0
2023-11-26 07:00:00;0
2023-11-27 07:00:00;0
2023-11-28 07:00:00;0
2023-11-29 07:00:00;0
2023-11-30 07:00:00;0
2023-12-01 07:00:00;0
2023-12-02 07:00:00;0
2023-12-03 07:00:00;0
2023-12-04 07:00:00;0
2023-12-05 07:00:00;0
2023-12-06 07:00:00;0
2023-12-07 07:00:00;0
2023-12-08 07:00:00;0
2023-12-09 07:00:00;0
2023-12-10 07:00:00;0
2023-12-11 07:00:00;0
2023-12-12 07:00:00;0
2023-12-13 07:00:00;0
2023-12-14 07:00:00;0
2023-12-15 07:00:00;0
2023-12-16 07:00:00;0
2023-12-17 07:00:00;0
2023-12-18 07:00:00;0
2023-12-19 07:00:00;0
2023-12-20 07:00:00;0
2023-12-21 07:00:00;0
2023-12-22 07:00:00;0
2023-12-23 07:00:00;0
2023-12-24 07:00:00;0
2023-12-25 07:00:00;0
2023-12-26 07:00:00;0
2023-12-27 07:00:00;0
2023-12-28 07:00:00;0
2023-12-29 07:00:00;0
2023-12-30 07:00:00;0
2023-12-31 07:00:00;0
2024-01-01 07:00:00;1,823
2024-01-02 07:00:00;0,033
2024-01-03 07:00:00;0
2024-01-04 07:00:00;0
2024-01-05 07:00:00;0
2024-01-06 07:00:00;0
2024-01-07 07:00:00;0
2024-01-08 07:00:00;0
2024-01-09 07:00:00;0
2024-01-10 07:00:00;0
2024-01-11 07:00:00;0
2024-01-12 07:00:00;0,595
2024-01-13 07:00:00;1,002
2024-01-14 07:00:00;0,06999999999999999
2024-01-15 07:00:00;0
2024-01-16 07:00:00;0
2024-01-17 07:00:00;0
2024-01-18 07:00:00;0
2024-01-19 07:00:00;0
2024-01-20 07:00:00;0
2024-01-21 07:00:00;0
2024-01-22 07:00:00;0
2024-01-23 07:00:00;0
2024-01-24 07:00:00;0
2024-01-25 07:00:00;0
2024-01-26 07:00:00;0
2024-01-27 07:00:00;0
2024-01-28 07:00:00;0
2024-01-29 07:00:00;0
2024-01-30 07:00:00;0
2024-01-31 07:00:00;0
2024-02-01 07:00:00;0
2024-02-02 07:00:00;0
2024-02-03 07:00:00;0
2024-02-04 07:00:00;0,189
2024-02-05 07:00:00;9,573999999999998
2024-02-06 07:00:00;4,508
2024-02-07 07:00:00;0,07100000000000001
2024-02-08 07:00:00;0
2024-02-09 07:00:00;0
2024-02-10 07:00:00;0
2024-02-11 07:00:00;0,203
2024-02-12 07:00:00;0,007
2024-02-13 07:00:00;0
2024-02-14 07:00:00;0
2024-02-15 07:00:00;0
2024-02-16 07:00:00;0
2024-02-17 07:00:00;0
2024-02-18 07:00:00;0
2024-02-19 07:00:00;0
2024-02-20 07:00:00;0
2024-02-21 07:00:00;3,571
2024-02-22 07:00:00;1,486
2024-02-23 07:00:00;0
2024-02-24 07:00:00;0
2024-02-25 07:00:00;0
2024-02-26 07:00:00;0
2024-02-27 07:00:00;0
2024-02-28 07:00:00;0
2024-02-29 07:00:00;0,557
2024-03-01 07:00:00;0
2024-03-02 07:00:00;0,033
2024-03-03 07:00:00;4,807
2024-03-04 07:00:00;0,052
2024-03-05 07:00:00;0
2024-03-06 07:00:00;0
2024-03-07 07:00:00;0
2024-03-08 07:00:00;0
2024-03-09 07:00:00;0
2024-03-10 07:00:00;0
2024-03-11 07:00:00;0,213
2024-03-12 07:00:00;0
2024-03-13 07:00:00;0
2024-03-14 07:00:00;0
2024-03-15 07:00:00;0
2024-03-16 07:00:00;0
2024-03-17 07:00:00;0
2024-03-18 07:00:00;0
2024-03-19 07:00:00;0
2024-03-20 07:00:00;0
2024-03-21 07:00:00;0
2024-03-22 07:00:00;0
2024-03-23 07:00:00;0
2024-03-24 07:00:00;0
2024-03-25 07:00:00;0
2024-03-26 07:00:00;0
2024-03-27 07:00:00;0
2024-03-28 07:00:00;0
2024-03-29 07:00:00;0
2024-03-30 07:00:00;0
2024-03-31 07:00:00;0
2024-04-01 07:00:00;0
2024-04-02 07:00:00;0,5519999999999999
2024-04-03 07:00:00;2,683
2024-04-04 07:00:00;0,9349999999999999
2024-04-05 07:00:00;0
2024-04-06 07:00:00;0
2024-04-07 07:00:00;0
2024-04-08 07:00:00;0
2024-04-09 07:00:00;0
2024-04-10 07:00:00;0
2024-04-11 07:00:00;0
2024-04-12 07:00:00;0
2024-04-13 07:00:00;0
2024-04-14 07:00:00;0
2024-04-15 07:00:00;0
2024-04-16 07:00:00;0
2024-04-17 07:00:00;0
2024-04-18 07:00:00;0
2024-04-19 07:00:00;4,598
2024-04-20 07:00:00;1,6400000000000001
2024-04-21 07:00:00;0,5760000000000001
2024-04-22 07:00:00;2,859
2024-04-23 07:00:00;1,161
2024-04-24 07:00:00;0,114
2024-04-25 07:00:00;7,561999999999999
2024-04-26 07:00:00;0,044
2024-04-27 07:00:00;0,971
2024-04-28 07:00:00;0,037000000000000005
2024-04-29 07:00:00;0,7240000000000001
2024-04-30 07:00:00;0,027
2024-05-01 07:00:00;0
2024-05-02 07:00:00;0,032
2024-05-03 07:00:00;1,038
2024-05-04 07:00:00;0,754
2024-05-05 07:00:00;6,792999999999999
2024-05-06 07:00:00;0,287
2024-05-07 07:00:00;0,024999999999999998
2024-05-08 07:00:00;3,8179999999999996
2024-05-09 07:00:00;5,1080000000000005
2024-05-10 07:00:00;1,193
2024-05-11 07:00:00;0,7340000000000001
2024-05-12 07:00:00;0,7150000000000001
2024-05-13 07:00:00;0
2024-05-14 07:00:00;0
2024-05-15 07:00:00;0
2024-05-16 07:00:00;0
2024-05-17 07:00:00;0
2024-05-18 07:00:00;0
2024-05-19 07:00:00;0
2024-05-20 07:00:00;0
2024-05-21 07:00:00;1,4729999999999999
2024-05-22 07:00:00;0
2024-05-23 07:00:00;0
2024-05-24 07:00:00;0,14
2024-05-25 07:00:00;0,631
2024-05-26 07:00:00;1,458
2024-05-27 07:00:00;1,9749999999999996
2024-05-28 07:00:00;1,758
2024-05-29 07:00:00;0,6700000000000002
2024-05-30 07:00:00;8,409
2024-05-31 07:00:00;4,5009999999999994
2024-06-01 07:00:00;1,903
2024-06-02 07:00:00;1,846
2024-06-03 07:00:00;0,7469999999999999
2024-06-04 07:00:00;1,165
2024-06-05 07:00:00;1,298
2024-06-06 07:00:00;1,317
2024-06-07 07:00:00;1,34
2024-06-08 07:00:00;1,478
2024-06-09 07:00:00;2,12
2024-06-10 07:00:00;0,269
2024-06-11 07:00:00;2,389
2024-06-12 07:00:00;1,2919999999999998
2024-06-13 07:00:00;0,91
2024-06-14 07:00:00;0,374
2024-06-15 07:00:00;0
2024-06-16 07:00:00;1,6269999999999998
2024-06-17 07:00:00;0,728
2024-06-18 07:00:00;2,673
2024-06-19 07:00:00;1,319
2024-06-20 07:00:00;0,544
2024-06-21 07:00:00;1,209
2024-06-22 07:00:00;0,38
2024-06-23 07:00:00;1,8960000000000001
2024-06-24 07:00:00;1,419
2024-06-25 07:00:00;0,7330000000000001
2024-06-26 07:00:00;0,21500000000000002
2024-06-27 07:00:00;5,212
2024-06-28 07:00:00;3,604
2024-06-29 07:00:00;4,838
2024-06-30 07:00:00;4,1129999999999995
2024-07-01 07:00:00;21,905
2024-07-02 07:00:00;3,0580000000000003
2024-07-03 07:00:00;4,4190000000000005
2024-07-04 07:00:00;2,8939999999999997
2024-07-05 07:00:00;1,6689999999999998
2024-07-06 07:00:00;3,208
2024-07-07 07:00:00;5,612
2024-07-08 07:00:00;1,347
2024-07-09 07:00:00;1,476
2024-07-10 07:00:00;0,096
2024-07-11 07:00:00;0,273
2024-07-12 07:00:00;0
2024-07-13 07:00:00;0
2024-07-14 07:00:00;0
2024-07-15 07:00:00;0
2024-07-16 07:00:00;0,032
2024-07-17 07:00:00;0
2024-07-18 07:00:00;0,008
2024-07-19 07:00:00;0
2024-07-20 07:00:00;0
2024-07-21 07:00:00;0
2024-07-22 07:00:00;0
2024-07-23 07:00:00;0,008
2024-07-24 07:00:00;0
2024-07-25 07:00:00;0,004
2024-07-26 07:00:00;0
2024-07-27 07:00:00;0
2024-07-28 07:00:00;0
2024-07-29 07:00:00;0
2024-07-30 07:00:00;0
2024-07-31 07:00:00;0
2024-08-01 07:00:00;0
2024-08-02 07:00:00;0
2024-08-03 07:00:00;0
2024-08-04 07:00:00;0
2024-08-05 07:00:00;0
2024-08-06 07:00:00;0,073
2024-08-07 07:00:00;0,196
2024-08-08 07:00:00;0,096
2024-08-09 07:00:00;0
2024-08-10 07:00:00;0,865
2024-08-11 07:00:00;0,079
2024-08-12 07:00:00;0,02
2024-08-13 07:00:00;0,878
2024-08-14 07:00:00;0,07
2024-08-15 07:00:00;0
2024-08-16 07:00:00;0
2024-08-17 07:00:00;0
2024-08-18 07:00:00;0
2024-08-19 07:00:00;0
2024-08-20 07:00:00;0
2024-08-21 07:00:00;0
2024-08-22 07:00:00;0
2024-08-23 07:00:00;0
2024-08-24 07:00:00;0
2024-08-25 07:00:00;0
2024-08-26 07:00:00;0
2024-08-27 07:00:00;0,005
2024-08-28 07:00:00;0,031
2024-08-29 07:00:00;0
2024-08-30 07:00:00;0
2024-08-31 07:00:00;0
2024-09-01 07:00:00;0
2024-09-02 07:00:00;0
2024-09-03 07:00:00;0
2024-09-04 07:00:00;0
2024-09-05 07:00:00;0
2024-09-06 07:00:00;0
2024-09-07 07:00:00;0
2024-09-08 07:00:00;0
2024-09-09 07:00:00;0
2024-09-10 07:00:00;0
2024-09-11 07:00:00;0
2024-09-12 07:00:00;0
2024-09-13 07:00:00;0
2024-09-14 07:00:00;0
2024-09-15 07:00:00;0
2024-09-16 07:00:00;0
2024-09-17 07:00:00;0
2024-09-18 07:00:00;0
2024-09-19 07:00:00;0
2024-09-20 07:00:00;0
2024-09-21 07:00:00;0
2024-09-22 07:00:00;0,024
2024-09-23 07:00:00;0
2024-09-24 07:00:00;0
2024-09-25 07:00:00;0
2024-09-26 07:00:00;0
2024-09-27 07:00:00;0
2024-09-28 07:00:00;2,0490000000000004
2024-09-29 07:00:00;0,27599999999999997
2024-09-30 07:00:00;21,227999999999998
2024-10-01 07:00:00;0,030000000000000002
2024-10-02 07:00:00;0,26499999999999996
2024-10-03 07:00:00;0,05499999999999999
2024-10-04 07:00:00;0,036
2024-10-05 07:00:00;0,024
2024-10-06 07:00:00;0,022
2024-10-07 07:00:00;0,022
2024-10-08 07:00:00;0,026000000000000002
2024-10-09 07:00:00;0,026000000000000002
2024-10-10 07:00:00;0,027000000000000003
2024-10-11 07:00:00;0,030000000000000002
2024-10-12 07:00:00;0,147
2024-10-13 07:00:00;0,026000000000000002
2024-10-14 07:00:00;0,02
2024-10-15 07:00:00;0,01
2024-10-16 07:00:00;0
2024-10-17 07:00:00;23,3
2024-10-18 07:00:00;23
2024-10-19 07:00:00;1,289
2024-10-20 07:00:00;2,442
2024-10-21 07:00:00;1,4460000000000002
2024-10-22 07:00:00;0,020999999999999998
2024-10-23 07:00:00;0,03
2024-10-24 07:00:00;0,6339999999999999
2024-10-25 07:00:00;0,034999999999999996
2024-10-26 07:00:00;0
2024-10-27 07:00:00;0
2024-10-28 07:00:00;0,12499999999999997
2024-10-29 07:00:00;0
2024-10-30 07:00:00;0
2024-10-31 07:00:00;0,030000000000000002
2024-11-01 07:00:00;20,241999999999997
2024-11-02 07:00:00;0,136
2024-11-03 07:00:00;0,16200000000000003
2024-11-04 07:00:00;0,5730000000000001
2024-11-05 07:00:00;0,174
2024-11-06 07:00:00;0,137
2024-11-07 07:00:00;0,094
2024-11-08 07:00:00;0,021
2024-11-09 07:00:00;0,066
2024-11-10 07:00:00;0,011
2024-11-11 07:00:00;0
2024-11-12 07:00:00;0
2024-11-13 07:00:00;0
2024-11-14 07:00:00;0,129
2024-11-15 07:00:00;0
2024-11-16 07:00:00;0
2024-11-17 07:00:00;0,14100000000000001
2024-11-18 07:00:00;0,231
2024-11-19 07:00:00;20,306
2024-11-20 07:00:00;0,013000000000000001
2024-11-21 07:00:00;0,02
2024-11-22 07:00:00;0,015
2024-11-23 07:00:00;0,030000000000000002
2024-11-24 07:00:00;0,031
2024-11-25 07:00:00;0,005
2024-11-26 07:00:00;0,005
2024-11-27 07:00:00;22,3
2024-11-28 07:00:00;0
2024-11-29 07:00:00;0
2024-11-30 07:00:00;0
2024-12-01 07:00:00;46,1
2024-12-02 07:00:00;0,012
2024-12-03 07:00:00;0
2024-12-04 07:00:00;0
2024-12-05 07:00:00;0,157
2024-12-06 07:00:00;43,3
2024-12-07 07:00:00;26,2
2024-12-08 07:00:00;0,072
2024-12-09 07:00:00;76,8
2024-12-10 07:00:00;23,3
2024-12-11 07:00:00;22,7
2024-12-12 07:00:00;22,7
2024-12-13 07:00:00;0
2024-12-14 07:00:00;0
